Security_ID,Vendor_ID,Vendor_Code,Source_Feed_ID,Price_Type,Exchange_Code,Price_Date,Currency_Code,Price
AAPL,101,AV,1,Open,NASDAQ,2025-09-02,USD,229.25
AAPL,101,AV,1,Close,NASDAQ,2025-09-02,USD,229.72
AAPL,101,AV,1,High,NASDAQ,2025-09-02,USD,230.85
AAPL,101,AV,1,Low,NASDAQ,2025-09-02,USD,226.97
AAPL,101,AV,1,Open,NASDAQ,2025-09-03,USD,237.21
AAPL,101,AV,1,Close,NASDAQ,2025-09-03,USD,238.47
AAPL,101,AV,1,High,NASDAQ,2025-09-03,USD,238.85
AAPL,101,AV,1,Low,NASDAQ,2025-09-03,USD,234.36
AAPL,101,AV,1,Open,NASDAQ,2025-09-04,USD,238.45
AAPL,101,AV,1,Close,NASDAQ,2025-09-04,USD,239.78
AAPL,101,AV,1,High,NASDAQ,2025-09-04,USD,239.8999
AAPL,101,AV,1,Low,NASDAQ,2025-09-04,USD,236.74
AAPL,101,AV,1,Open,NASDAQ,2025-09-05,USD,239.995
AAPL,101,AV,1,Close,NASDAQ,2025-09-05,USD,239.69
AAPL,101,AV,1,High,NASDAQ,2025-09-05,USD,241.32
AAPL,101,AV,1,Low,NASDAQ,2025-09-05,USD,238.4901
AAPL,101,AV,1,Open,NASDAQ,2025-09-08,USD,239.3
AAPL,101,AV,1,Close,NASDAQ,2025-09-08,USD,237.88
AAPL,101,AV,1,High,NASDAQ,2025-09-08,USD,240.15
AAPL,101,AV,1,Low,NASDAQ,2025-09-08,USD,236.34
AAPL,101,AV,1,Open,NASDAQ,2025-09-09,USD,237.0
AAPL,101,AV,1,Close,NASDAQ,2025-09-09,USD,234.35
AAPL,101,AV,1,High,NASDAQ,2025-09-09,USD,238.7805
AAPL,101,AV,1,Low,NASDAQ,2025-09-09,USD,233.36
AAPL,101,AV,1,Open,NASDAQ,2025-09-10,USD,232.185
AAPL,101,AV,1,Close,NASDAQ,2025-09-10,USD,226.79
AAPL,101,AV,1,High,NASDAQ,2025-09-10,USD,232.42
AAPL,101,AV,1,Low,NASDAQ,2025-09-10,USD,225.95
AAPL,101,AV,1,Open,NASDAQ,2025-09-11,USD,226.875
AAPL,101,AV,1,Close,NASDAQ,2025-09-11,USD,230.03
AAPL,101,AV,1,High,NASDAQ,2025-09-11,USD,230.45
AAPL,101,AV,1,Low,NASDAQ,2025-09-11,USD,226.65
AAPL,101,AV,1,Open,NASDAQ,2025-09-12,USD,229.22
AAPL,101,AV,1,Close,NASDAQ,2025-09-12,USD,234.07
AAPL,101,AV,1,High,NASDAQ,2025-09-12,USD,234.51
AAPL,101,AV,1,Low,NASDAQ,2025-09-12,USD,229.02
AAPL,101,AV,1,Open,NASDAQ,2025-09-15,USD,237.0
AAPL,101,AV,1,Close,NASDAQ,2025-09-15,USD,236.7
AAPL,101,AV,1,High,NASDAQ,2025-09-15,USD,238.19
AAPL,101,AV,1,Low,NASDAQ,2025-09-15,USD,235.03
AAPL,101,AV,1,Open,NASDAQ,2025-09-16,USD,237.175
AAPL,101,AV,1,Close,NASDAQ,2025-09-16,USD,238.15
AAPL,101,AV,1,High,NASDAQ,2025-09-16,USD,241.22
AAPL,101,AV,1,Low,NASDAQ,2025-09-16,USD,236.3235
AAPL,101,AV,1,Open,NASDAQ,2025-09-17,USD,238.97
AAPL,101,AV,1,Close,NASDAQ,2025-09-17,USD,238.99
AAPL,101,AV,1,High,NASDAQ,2025-09-17,USD,240.1
AAPL,101,AV,1,Low,NASDAQ,2025-09-17,USD,237.7301
AAPL,101,AV,1,Open,NASDAQ,2025-09-18,USD,239.97
AAPL,101,AV,1,Close,NASDAQ,2025-09-18,USD,237.88
AAPL,101,AV,1,High,NASDAQ,2025-09-18,USD,241.2
AAPL,101,AV,1,Low,NASDAQ,2025-09-18,USD,236.65
AAPL,101,AV,1,Open,NASDAQ,2025-09-19,USD,241.225
AAPL,101,AV,1,Close,NASDAQ,2025-09-19,USD,245.5
AAPL,101,AV,1,High,NASDAQ,2025-09-19,USD,246.3
AAPL,101,AV,1,Low,NASDAQ,2025-09-19,USD,240.2106
AAPL,101,AV,1,Open,NASDAQ,2025-09-22,USD,248.3
AAPL,101,AV,1,Close,NASDAQ,2025-09-22,USD,256.08
AAPL,101,AV,1,High,NASDAQ,2025-09-22,USD,256.64
AAPL,101,AV,1,Low,NASDAQ,2025-09-22,USD,248.12
AAPL,101,AV,1,Open,NASDAQ,2025-09-23,USD,255.875
AAPL,101,AV,1,Close,NASDAQ,2025-09-23,USD,254.43
AAPL,101,AV,1,High,NASDAQ,2025-09-23,USD,257.34
AAPL,101,AV,1,Low,NASDAQ,2025-09-23,USD,253.58
AAPL,101,AV,1,Open,NASDAQ,2025-09-24,USD,255.22
AAPL,101,AV,1,Close,NASDAQ,2025-09-24,USD,252.31
AAPL,101,AV,1,High,NASDAQ,2025-09-24,USD,255.74
AAPL,101,AV,1,Low,NASDAQ,2025-09-24,USD,251.04
AAPL,101,AV,1,Open,NASDAQ,2025-09-25,USD,253.205
AAPL,101,AV,1,Close,NASDAQ,2025-09-25,USD,256.87
AAPL,101,AV,1,High,NASDAQ,2025-09-25,USD,257.17
AAPL,101,AV,1,Low,NASDAQ,2025-09-25,USD,251.712
AAPL,101,AV,1,Open,NASDAQ,2025-09-26,USD,254.095
AAPL,101,AV,1,Close,NASDAQ,2025-09-26,USD,255.46
AAPL,101,AV,1,High,NASDAQ,2025-09-26,USD,257.6
AAPL,101,AV,1,Low,NASDAQ,2025-09-26,USD,253.78
AAPL,101,AV,1,Open,NASDAQ,2025-09-29,USD,254.56
AAPL,101,AV,1,Close,NASDAQ,2025-09-29,USD,254.43
AAPL,101,AV,1,High,NASDAQ,2025-09-29,USD,255.0
AAPL,101,AV,1,Low,NASDAQ,2025-09-29,USD,253.01
AAPL,101,AV,1,Open,NASDAQ,2025-09-30,USD,254.855
AAPL,101,AV,1,Close,NASDAQ,2025-09-30,USD,254.63
AAPL,101,AV,1,High,NASDAQ,2025-09-30,USD,255.919
AAPL,101,AV,1,Low,NASDAQ,2025-09-30,USD,253.11
AMZN,101,AV,1,Open,NASDAQ,2025-09-02,USD,223.52
AMZN,101,AV,1,Close,NASDAQ,2025-09-02,USD,225.34
AMZN,101,AV,1,High,NASDAQ,2025-09-02,USD,226.17
AMZN,101,AV,1,Low,NASDAQ,2025-09-02,USD,221.83
AMZN,101,AV,1,Open,NASDAQ,2025-09-03,USD,225.21
AMZN,101,AV,1,Close,NASDAQ,2025-09-03,USD,225.99
AMZN,101,AV,1,High,NASDAQ,2025-09-03,USD,227.1699
AMZN,101,AV,1,Low,NASDAQ,2025-09-03,USD,224.36
AMZN,101,AV,1,Open,NASDAQ,2025-09-04,USD,231.185
AMZN,101,AV,1,Close,NASDAQ,2025-09-04,USD,235.68
AMZN,101,AV,1,High,NASDAQ,2025-09-04,USD,235.77
AMZN,101,AV,1,Low,NASDAQ,2025-09-04,USD,230.78
AMZN,101,AV,1,Open,NASDAQ,2025-09-05,USD,235.19
AMZN,101,AV,1,Close,NASDAQ,2025-09-05,USD,232.33
AMZN,101,AV,1,High,NASDAQ,2025-09-05,USD,236.0
AMZN,101,AV,1,Low,NASDAQ,2025-09-05,USD,231.93
AMZN,101,AV,1,Open,NASDAQ,2025-09-08,USD,234.94
AMZN,101,AV,1,Close,NASDAQ,2025-09-08,USD,235.84
AMZN,101,AV,1,High,NASDAQ,2025-09-08,USD,237.6
AMZN,101,AV,1,Low,NASDAQ,2025-09-08,USD,233.75
AMZN,101,AV,1,Open,NASDAQ,2025-09-09,USD,236.355
AMZN,101,AV,1,Close,NASDAQ,2025-09-09,USD,238.24
AMZN,101,AV,1,High,NASDAQ,2025-09-09,USD,238.85
AMZN,101,AV,1,Low,NASDAQ,2025-09-09,USD,235.08
AMZN,101,AV,1,Open,NASDAQ,2025-09-10,USD,237.515
AMZN,101,AV,1,Close,NASDAQ,2025-09-10,USD,230.33
AMZN,101,AV,1,High,NASDAQ,2025-09-10,USD,237.68
AMZN,101,AV,1,Low,NASDAQ,2025-09-10,USD,229.0962
AMZN,101,AV,1,Open,NASDAQ,2025-09-11,USD,231.49
AMZN,101,AV,1,Close,NASDAQ,2025-09-11,USD,229.95
AMZN,101,AV,1,High,NASDAQ,2025-09-11,USD,231.53
AMZN,101,AV,1,Low,NASDAQ,2025-09-11,USD,229.3377
AMZN,101,AV,1,Open,NASDAQ,2025-09-12,USD,230.35
AMZN,101,AV,1,Close,NASDAQ,2025-09-12,USD,228.15
AMZN,101,AV,1,High,NASDAQ,2025-09-12,USD,230.79
AMZN,101,AV,1,Low,NASDAQ,2025-09-12,USD,226.29
AMZN,101,AV,1,Open,NASDAQ,2025-09-15,USD,230.625
AMZN,101,AV,1,Close,NASDAQ,2025-09-15,USD,231.43
AMZN,101,AV,1,High,NASDAQ,2025-09-15,USD,233.73
AMZN,101,AV,1,Low,NASDAQ,2025-09-15,USD,230.32
AMZN,101,AV,1,Open,NASDAQ,2025-09-16,USD,232.935
AMZN,101,AV,1,Close,NASDAQ,2025-09-16,USD,234.05
AMZN,101,AV,1,High,NASDAQ,2025-09-16,USD,235.9
AMZN,101,AV,1,Low,NASDAQ,2025-09-16,USD,232.23
AMZN,101,AV,1,Open,NASDAQ,2025-09-17,USD,233.77
AMZN,101,AV,1,Close,NASDAQ,2025-09-17,USD,231.62
AMZN,101,AV,1,High,NASDAQ,2025-09-17,USD,234.3
AMZN,101,AV,1,Low,NASDAQ,2025-09-17,USD,228.71
AMZN,101,AV,1,Open,NASDAQ,2025-09-18,USD,232.5
AMZN,101,AV,1,Close,NASDAQ,2025-09-18,USD,231.23
AMZN,101,AV,1,High,NASDAQ,2025-09-18,USD,233.48
AMZN,101,AV,1,Low,NASDAQ,2025-09-18,USD,228.79
AMZN,101,AV,1,Open,NASDAQ,2025-09-19,USD,232.37
AMZN,101,AV,1,Close,NASDAQ,2025-09-19,USD,231.48
AMZN,101,AV,1,High,NASDAQ,2025-09-19,USD,234.16
AMZN,101,AV,1,Low,NASDAQ,2025-09-19,USD,229.7
AMZN,101,AV,1,Open,NASDAQ,2025-09-22,USD,230.56
AMZN,101,AV,1,Close,NASDAQ,2025-09-22,USD,227.63
AMZN,101,AV,1,High,NASDAQ,2025-09-22,USD,230.565
AMZN,101,AV,1,Low,NASDAQ,2025-09-22,USD,227.51
AMZN,101,AV,1,Open,NASDAQ,2025-09-23,USD,227.83
AMZN,101,AV,1,Close,NASDAQ,2025-09-23,USD,220.71
AMZN,101,AV,1,High,NASDAQ,2025-09-23,USD,227.86
AMZN,101,AV,1,Low,NASDAQ,2025-09-23,USD,220.07
AMZN,101,AV,1,Open,NASDAQ,2025-09-24,USD,224.15
AMZN,101,AV,1,Close,NASDAQ,2025-09-24,USD,220.21
AMZN,101,AV,1,High,NASDAQ,2025-09-24,USD,224.56
AMZN,101,AV,1,Low,NASDAQ,2025-09-24,USD,219.45
AMZN,101,AV,1,Open,NASDAQ,2025-09-25,USD,220.06
AMZN,101,AV,1,Close,NASDAQ,2025-09-25,USD,218.15
AMZN,101,AV,1,High,NASDAQ,2025-09-25,USD,220.67
AMZN,101,AV,1,Low,NASDAQ,2025-09-25,USD,216.47
AMZN,101,AV,1,Open,NASDAQ,2025-09-26,USD,219.08
AMZN,101,AV,1,Close,NASDAQ,2025-09-26,USD,219.78
AMZN,101,AV,1,High,NASDAQ,2025-09-26,USD,221.05
AMZN,101,AV,1,Low,NASDAQ,2025-09-26,USD,218.02
AMZN,101,AV,1,Open,NASDAQ,2025-09-29,USD,220.08
AMZN,101,AV,1,Close,NASDAQ,2025-09-29,USD,222.17
AMZN,101,AV,1,High,NASDAQ,2025-09-29,USD,222.6
AMZN,101,AV,1,Low,NASDAQ,2025-09-29,USD,219.3
AMZN,101,AV,1,Open,NASDAQ,2025-09-30,USD,222.03
AMZN,101,AV,1,Close,NASDAQ,2025-09-30,USD,219.57
AMZN,101,AV,1,High,NASDAQ,2025-09-30,USD,222.24
AMZN,101,AV,1,Low,NASDAQ,2025-09-30,USD,217.89
GOOGL,101,AV,1,Open,NASDAQ,2025-09-02,USD,208.44
GOOGL,101,AV,1,Close,NASDAQ,2025-09-02,USD,211.35
GOOGL,101,AV,1,High,NASDAQ,2025-09-02,USD,211.675
GOOGL,101,AV,1,Low,NASDAQ,2025-09-02,USD,206.195
GOOGL,101,AV,1,Open,NASDAQ,2025-09-03,USD,226.21
GOOGL,101,AV,1,Close,NASDAQ,2025-09-03,USD,230.66
GOOGL,101,AV,1,High,NASDAQ,2025-09-03,USD,231.31
GOOGL,101,AV,1,Low,NASDAQ,2025-09-03,USD,224.79
GOOGL,101,AV,1,Open,NASDAQ,2025-09-04,USD,229.65
GOOGL,101,AV,1,Close,NASDAQ,2025-09-04,USD,232.3
GOOGL,101,AV,1,High,NASDAQ,2025-09-04,USD,232.37
GOOGL,101,AV,1,Low,NASDAQ,2025-09-04,USD,226.11
GOOGL,101,AV,1,Open,NASDAQ,2025-09-05,USD,232.2
GOOGL,101,AV,1,Close,NASDAQ,2025-09-05,USD,235.0
GOOGL,101,AV,1,High,NASDAQ,2025-09-05,USD,235.76
GOOGL,101,AV,1,Low,NASDAQ,2025-09-05,USD,231.9
GOOGL,101,AV,1,Open,NASDAQ,2025-09-08,USD,235.47
GOOGL,101,AV,1,Close,NASDAQ,2025-09-08,USD,234.04
GOOGL,101,AV,1,High,NASDAQ,2025-09-08,USD,238.13
GOOGL,101,AV,1,Low,NASDAQ,2025-09-08,USD,233.67
GOOGL,101,AV,1,Open,NASDAQ,2025-09-09,USD,234.165
GOOGL,101,AV,1,Close,NASDAQ,2025-09-09,USD,239.63
GOOGL,101,AV,1,High,NASDAQ,2025-09-09,USD,240.47
GOOGL,101,AV,1,Low,NASDAQ,2025-09-09,USD,233.229
GOOGL,101,AV,1,Open,NASDAQ,2025-09-10,USD,238.9
GOOGL,101,AV,1,Close,NASDAQ,2025-09-10,USD,239.17
GOOGL,101,AV,1,High,NASDAQ,2025-09-10,USD,241.66
GOOGL,101,AV,1,Low,NASDAQ,2025-09-10,USD,237.85
GOOGL,101,AV,1,Open,NASDAQ,2025-09-11,USD,239.88
GOOGL,101,AV,1,Close,NASDAQ,2025-09-11,USD,240.37
GOOGL,101,AV,1,High,NASDAQ,2025-09-11,USD,242.25
GOOGL,101,AV,1,Low,NASDAQ,2025-09-11,USD,236.25
GOOGL,101,AV,1,Open,NASDAQ,2025-09-12,USD,240.37
GOOGL,101,AV,1,Close,NASDAQ,2025-09-12,USD,240.8
GOOGL,101,AV,1,High,NASDAQ,2025-09-12,USD,242.075
GOOGL,101,AV,1,Low,NASDAQ,2025-09-12,USD,238.0
GOOGL,101,AV,1,Open,NASDAQ,2025-09-15,USD,244.66
GOOGL,101,AV,1,Close,NASDAQ,2025-09-15,USD,251.61
GOOGL,101,AV,1,High,NASDAQ,2025-09-15,USD,252.4099
GOOGL,101,AV,1,Low,NASDAQ,2025-09-15,USD,244.66
GOOGL,101,AV,1,Open,NASDAQ,2025-09-16,USD,252.08
GOOGL,101,AV,1,Close,NASDAQ,2025-09-16,USD,251.16
GOOGL,101,AV,1,High,NASDAQ,2025-09-16,USD,253.04
GOOGL,101,AV,1,Low,NASDAQ,2025-09-16,USD,249.47
GOOGL,101,AV,1,Open,NASDAQ,2025-09-17,USD,251.22
GOOGL,101,AV,1,Close,NASDAQ,2025-09-17,USD,249.53
GOOGL,101,AV,1,High,NASDAQ,2025-09-17,USD,251.6
GOOGL,101,AV,1,Low,NASDAQ,2025-09-17,USD,246.28
GOOGL,101,AV,1,Open,NASDAQ,2025-09-18,USD,251.68
GOOGL,101,AV,1,Close,NASDAQ,2025-09-18,USD,252.03
GOOGL,101,AV,1,High,NASDAQ,2025-09-18,USD,253.99
GOOGL,101,AV,1,Low,NASDAQ,2025-09-18,USD,249.8
GOOGL,101,AV,1,Open,NASDAQ,2025-09-19,USD,253.25
GOOGL,101,AV,1,Close,NASDAQ,2025-09-19,USD,254.72
GOOGL,101,AV,1,High,NASDAQ,2025-09-19,USD,256.0
GOOGL,101,AV,1,Low,NASDAQ,2025-09-19,USD,251.81
GOOGL,101,AV,1,Open,NASDAQ,2025-09-22,USD,254.43
GOOGL,101,AV,1,Close,NASDAQ,2025-09-22,USD,252.53
GOOGL,101,AV,1,High,NASDAQ,2025-09-22,USD,255.78
GOOGL,101,AV,1,Low,NASDAQ,2025-09-22,USD,250.3
GOOGL,101,AV,1,Open,NASDAQ,2025-09-23,USD,253.04
GOOGL,101,AV,1,Close,NASDAQ,2025-09-23,USD,251.66
GOOGL,101,AV,1,High,NASDAQ,2025-09-23,USD,254.36
GOOGL,101,AV,1,Low,NASDAQ,2025-09-23,USD,250.48
GOOGL,101,AV,1,Open,NASDAQ,2025-09-24,USD,251.66
GOOGL,101,AV,1,Close,NASDAQ,2025-09-24,USD,247.14
GOOGL,101,AV,1,High,NASDAQ,2025-09-24,USD,252.3501
GOOGL,101,AV,1,Low,NASDAQ,2025-09-24,USD,246.44
GOOGL,101,AV,1,Open,NASDAQ,2025-09-25,USD,244.4
GOOGL,101,AV,1,Close,NASDAQ,2025-09-25,USD,245.79
GOOGL,101,AV,1,High,NASDAQ,2025-09-25,USD,246.49
GOOGL,101,AV,1,Low,NASDAQ,2025-09-25,USD,240.74
GOOGL,101,AV,1,Open,NASDAQ,2025-09-26,USD,247.065
GOOGL,101,AV,1,Close,NASDAQ,2025-09-26,USD,246.54
GOOGL,101,AV,1,High,NASDAQ,2025-09-26,USD,249.42
GOOGL,101,AV,1,Low,NASDAQ,2025-09-26,USD,245.97
GOOGL,101,AV,1,Open,NASDAQ,2025-09-29,USD,247.85
GOOGL,101,AV,1,Close,NASDAQ,2025-09-29,USD,244.05
GOOGL,101,AV,1,High,NASDAQ,2025-09-29,USD,251.1486
GOOGL,101,AV,1,Low,NASDAQ,2025-09-29,USD,242.77
GOOGL,101,AV,1,Open,NASDAQ,2025-09-30,USD,242.81
GOOGL,101,AV,1,Close,NASDAQ,2025-09-30,USD,243.1
GOOGL,101,AV,1,High,NASDAQ,2025-09-30,USD,243.29
GOOGL,101,AV,1,Low,NASDAQ,2025-09-30,USD,239.245
META,101,AV,1,Open,NASDAQ,2025-09-02,USD,726.04
META,101,AV,1,Close,NASDAQ,2025-09-02,USD,735.11
META,101,AV,1,High,NASDAQ,2025-09-02,USD,736.0
META,101,AV,1,Low,NASDAQ,2025-09-02,USD,721.7306
META,101,AV,1,Open,NASDAQ,2025-09-03,USD,736.0
META,101,AV,1,Close,NASDAQ,2025-09-03,USD,737.05
META,101,AV,1,High,NASDAQ,2025-09-03,USD,740.25
META,101,AV,1,Low,NASDAQ,2025-09-03,USD,733.9893
META,101,AV,1,Open,NASDAQ,2025-09-04,USD,748.57
META,101,AV,1,Close,NASDAQ,2025-09-04,USD,748.65
META,101,AV,1,High,NASDAQ,2025-09-04,USD,761.16
META,101,AV,1,Low,NASDAQ,2025-09-04,USD,745.82
META,101,AV,1,Open,NASDAQ,2025-09-05,USD,752.615
META,101,AV,1,Close,NASDAQ,2025-09-05,USD,752.45
META,101,AV,1,High,NASDAQ,2025-09-05,USD,757.95
META,101,AV,1,Low,NASDAQ,2025-09-05,USD,745.03
META,101,AV,1,Open,NASDAQ,2025-09-08,USD,755.995
META,101,AV,1,Close,NASDAQ,2025-09-08,USD,752.3
META,101,AV,1,High,NASDAQ,2025-09-08,USD,766.51
META,101,AV,1,Low,NASDAQ,2025-09-08,USD,752.02
META,101,AV,1,Open,NASDAQ,2025-09-09,USD,757.49
META,101,AV,1,Close,NASDAQ,2025-09-09,USD,765.7
META,101,AV,1,High,NASDAQ,2025-09-09,USD,766.3
META,101,AV,1,Low,NASDAQ,2025-09-09,USD,753.43
META,101,AV,1,Open,NASDAQ,2025-09-10,USD,765.13
META,101,AV,1,Close,NASDAQ,2025-09-10,USD,751.98
META,101,AV,1,High,NASDAQ,2025-09-10,USD,765.7
META,101,AV,1,Low,NASDAQ,2025-09-10,USD,751.0
META,101,AV,1,Open,NASDAQ,2025-09-11,USD,754.65
META,101,AV,1,Close,NASDAQ,2025-09-11,USD,750.9
META,101,AV,1,High,NASDAQ,2025-09-11,USD,757.1
META,101,AV,1,Low,NASDAQ,2025-09-11,USD,748.37
META,101,AV,1,Open,NASDAQ,2025-09-12,USD,748.725
META,101,AV,1,Close,NASDAQ,2025-09-12,USD,755.59
META,101,AV,1,High,NASDAQ,2025-09-12,USD,757.5703
META,101,AV,1,Low,NASDAQ,2025-09-12,USD,743.76
META,101,AV,1,Open,NASDAQ,2025-09-15,USD,757.47
META,101,AV,1,Close,NASDAQ,2025-09-15,USD,764.7
META,101,AV,1,High,NASDAQ,2025-09-15,USD,774.07
META,101,AV,1,Low,NASDAQ,2025-09-15,USD,751.985
META,101,AV,1,Open,NASDAQ,2025-09-16,USD,767.0
META,101,AV,1,Close,NASDAQ,2025-09-16,USD,779.0
META,101,AV,1,High,NASDAQ,2025-09-16,USD,781.36
META,101,AV,1,Low,NASDAQ,2025-09-16,USD,765.1
META,101,AV,1,Open,NASDAQ,2025-09-17,USD,779.99
META,101,AV,1,Close,NASDAQ,2025-09-17,USD,775.715
META,101,AV,1,High,NASDAQ,2025-09-17,USD,783.29
META,101,AV,1,Low,NASDAQ,2025-09-17,USD,766.31
META,101,AV,1,Open,NASDAQ,2025-09-18,USD,780.75
META,101,AV,1,Close,NASDAQ,2025-09-18,USD,780.25
META,101,AV,1,High,NASDAQ,2025-09-18,USD,788.78
META,101,AV,1,Low,NASDAQ,2025-09-18,USD,773.36
META,101,AV,1,Open,NASDAQ,2025-09-19,USD,786.42
META,101,AV,1,Close,NASDAQ,2025-09-19,USD,778.38
META,101,AV,1,High,NASDAQ,2025-09-19,USD,790.8
META,101,AV,1,Low,NASDAQ,2025-09-19,USD,769.1901
META,101,AV,1,Open,NASDAQ,2025-09-22,USD,781.845
META,101,AV,1,Close,NASDAQ,2025-09-22,USD,765.16
META,101,AV,1,High,NASDAQ,2025-09-22,USD,785.73
META,101,AV,1,Low,NASDAQ,2025-09-22,USD,764.47
META,101,AV,1,Open,NASDAQ,2025-09-23,USD,769.25
META,101,AV,1,Close,NASDAQ,2025-09-23,USD,755.4
META,101,AV,1,High,NASDAQ,2025-09-23,USD,770.6
META,101,AV,1,Low,NASDAQ,2025-09-23,USD,751.07
META,101,AV,1,Open,NASDAQ,2025-09-24,USD,757.5
META,101,AV,1,Close,NASDAQ,2025-09-24,USD,760.66
META,101,AV,1,High,NASDAQ,2025-09-24,USD,761.11
META,101,AV,1,Low,NASDAQ,2025-09-24,USD,752.5251
META,101,AV,1,Open,NASDAQ,2025-09-25,USD,753.45
META,101,AV,1,Close,NASDAQ,2025-09-25,USD,748.91
META,101,AV,1,High,NASDAQ,2025-09-25,USD,756.765
META,101,AV,1,Low,NASDAQ,2025-09-25,USD,744.55
META,101,AV,1,Open,NASDAQ,2025-09-26,USD,750.0
META,101,AV,1,Close,NASDAQ,2025-09-26,USD,743.75
META,101,AV,1,High,NASDAQ,2025-09-26,USD,751.9299
META,101,AV,1,Low,NASDAQ,2025-09-26,USD,737.3532
META,101,AV,1,Open,NASDAQ,2025-09-29,USD,748.72
META,101,AV,1,Close,NASDAQ,2025-09-29,USD,743.4
META,101,AV,1,High,NASDAQ,2025-09-29,USD,750.78
META,101,AV,1,Low,NASDAQ,2025-09-29,USD,739.15
META,101,AV,1,Open,NASDAQ,2025-09-30,USD,742.25
META,101,AV,1,Close,NASDAQ,2025-09-30,USD,734.38
META,101,AV,1,High,NASDAQ,2025-09-30,USD,742.97
META,101,AV,1,Low,NASDAQ,2025-09-30,USD,726.3
MSFT,101,AV,1,Open,NASDAQ,2025-09-02,USD,500.465
MSFT,101,AV,1,Close,NASDAQ,2025-09-02,USD,505.12
MSFT,101,AV,1,High,NASDAQ,2025-09-02,USD,506.0
MSFT,101,AV,1,Low,NASDAQ,2025-09-02,USD,496.81
MSFT,101,AV,1,Open,NASDAQ,2025-09-03,USD,503.79
MSFT,101,AV,1,Close,NASDAQ,2025-09-03,USD,505.35
MSFT,101,AV,1,High,NASDAQ,2025-09-03,USD,507.79
MSFT,101,AV,1,Low,NASDAQ,2025-09-03,USD,502.32
MSFT,101,AV,1,Open,NASDAQ,2025-09-04,USD,504.3
MSFT,101,AV,1,Close,NASDAQ,2025-09-04,USD,507.97
MSFT,101,AV,1,High,NASDAQ,2025-09-04,USD,508.15
MSFT,101,AV,1,Low,NASDAQ,2025-09-04,USD,503.15
MSFT,101,AV,1,Open,NASDAQ,2025-09-05,USD,509.07
MSFT,101,AV,1,Close,NASDAQ,2025-09-05,USD,495.0
MSFT,101,AV,1,High,NASDAQ,2025-09-05,USD,511.97
MSFT,101,AV,1,Low,NASDAQ,2025-09-05,USD,492.37
MSFT,101,AV,1,Open,NASDAQ,2025-09-08,USD,498.105
MSFT,101,AV,1,Close,NASDAQ,2025-09-08,USD,498.2
MSFT,101,AV,1,High,NASDAQ,2025-09-08,USD,501.195
MSFT,101,AV,1,Low,NASDAQ,2025-09-08,USD,495.03
MSFT,101,AV,1,Open,NASDAQ,2025-09-09,USD,501.43
MSFT,101,AV,1,Close,NASDAQ,2025-09-09,USD,498.41
MSFT,101,AV,1,High,NASDAQ,2025-09-09,USD,502.25
MSFT,101,AV,1,Low,NASDAQ,2025-09-09,USD,497.7
MSFT,101,AV,1,Open,NASDAQ,2025-09-10,USD,502.98
MSFT,101,AV,1,Close,NASDAQ,2025-09-10,USD,500.37
MSFT,101,AV,1,High,NASDAQ,2025-09-10,USD,503.2299
MSFT,101,AV,1,Low,NASDAQ,2025-09-10,USD,496.72
MSFT,101,AV,1,Open,NASDAQ,2025-09-11,USD,502.25
MSFT,101,AV,1,Close,NASDAQ,2025-09-11,USD,501.01
MSFT,101,AV,1,High,NASDAQ,2025-09-11,USD,503.17
MSFT,101,AV,1,Low,NASDAQ,2025-09-11,USD,497.88
MSFT,101,AV,1,Open,NASDAQ,2025-09-12,USD,506.65
MSFT,101,AV,1,Close,NASDAQ,2025-09-12,USD,509.9
MSFT,101,AV,1,High,NASDAQ,2025-09-12,USD,512.55
MSFT,101,AV,1,Low,NASDAQ,2025-09-12,USD,503.85
MSFT,101,AV,1,Open,NASDAQ,2025-09-15,USD,508.79
MSFT,101,AV,1,Close,NASDAQ,2025-09-15,USD,515.36
MSFT,101,AV,1,High,NASDAQ,2025-09-15,USD,515.47
MSFT,101,AV,1,Low,NASDAQ,2025-09-15,USD,507.0
MSFT,101,AV,1,Open,NASDAQ,2025-09-16,USD,516.88
MSFT,101,AV,1,Close,NASDAQ,2025-09-16,USD,509.04
MSFT,101,AV,1,High,NASDAQ,2025-09-16,USD,517.23
MSFT,101,AV,1,Low,NASDAQ,2025-09-16,USD,508.6
MSFT,101,AV,1,Open,NASDAQ,2025-09-17,USD,510.62
MSFT,101,AV,1,Close,NASDAQ,2025-09-17,USD,510.02
MSFT,101,AV,1,High,NASDAQ,2025-09-17,USD,511.29
MSFT,101,AV,1,Low,NASDAQ,2025-09-17,USD,505.93
MSFT,101,AV,1,Open,NASDAQ,2025-09-18,USD,511.49
MSFT,101,AV,1,Close,NASDAQ,2025-09-18,USD,508.45
MSFT,101,AV,1,High,NASDAQ,2025-09-18,USD,513.07
MSFT,101,AV,1,Low,NASDAQ,2025-09-18,USD,507.66
MSFT,101,AV,1,Open,NASDAQ,2025-09-19,USD,510.56
MSFT,101,AV,1,Close,NASDAQ,2025-09-19,USD,517.93
MSFT,101,AV,1,High,NASDAQ,2025-09-19,USD,519.3
MSFT,101,AV,1,Low,NASDAQ,2025-09-19,USD,510.31
MSFT,101,AV,1,Open,NASDAQ,2025-09-22,USD,515.59
MSFT,101,AV,1,Close,NASDAQ,2025-09-22,USD,514.45
MSFT,101,AV,1,High,NASDAQ,2025-09-22,USD,517.74
MSFT,101,AV,1,Low,NASDAQ,2025-09-22,USD,512.545
MSFT,101,AV,1,Open,NASDAQ,2025-09-23,USD,513.8
MSFT,101,AV,1,Close,NASDAQ,2025-09-23,USD,509.23
MSFT,101,AV,1,High,NASDAQ,2025-09-23,USD,514.5899
MSFT,101,AV,1,Low,NASDAQ,2025-09-23,USD,507.31
MSFT,101,AV,1,Open,NASDAQ,2025-09-24,USD,510.38
MSFT,101,AV,1,Close,NASDAQ,2025-09-24,USD,510.15
MSFT,101,AV,1,High,NASDAQ,2025-09-24,USD,512.48
MSFT,101,AV,1,Low,NASDAQ,2025-09-24,USD,506.92
MSFT,101,AV,1,Open,NASDAQ,2025-09-25,USD,508.3
MSFT,101,AV,1,Close,NASDAQ,2025-09-25,USD,507.03
MSFT,101,AV,1,High,NASDAQ,2025-09-25,USD,510.01
MSFT,101,AV,1,Low,NASDAQ,2025-09-25,USD,505.04
MSFT,101,AV,1,Open,NASDAQ,2025-09-26,USD,510.06
MSFT,101,AV,1,Close,NASDAQ,2025-09-26,USD,511.46
MSFT,101,AV,1,High,NASDAQ,2025-09-26,USD,513.94
MSFT,101,AV,1,Low,NASDAQ,2025-09-26,USD,506.62
MSFT,101,AV,1,Open,NASDAQ,2025-09-29,USD,511.5
MSFT,101,AV,1,Close,NASDAQ,2025-09-29,USD,514.6
MSFT,101,AV,1,High,NASDAQ,2025-09-29,USD,516.845
MSFT,101,AV,1,Low,NASDAQ,2025-09-29,USD,508.88
MSFT,101,AV,1,Open,NASDAQ,2025-09-30,USD,513.24
MSFT,101,AV,1,Close,NASDAQ,2025-09-30,USD,517.95
MSFT,101,AV,1,High,NASDAQ,2025-09-30,USD,518.16
MSFT,101,AV,1,Low,NASDAQ,2025-09-30,USD,509.66
TSLA,101,AV,1,Open,NASDAQ,2025-09-02,USD,328.23
TSLA,101,AV,1,Close,NASDAQ,2025-09-02,USD,329.36
TSLA,101,AV,1,High,NASDAQ,2025-09-02,USD,333.33
TSLA,101,AV,1,Low,NASDAQ,2025-09-02,USD,325.6
TSLA,101,AV,1,Open,NASDAQ,2025-09-03,USD,335.2
TSLA,101,AV,1,Close,NASDAQ,2025-09-03,USD,334.09
TSLA,101,AV,1,High,NASDAQ,2025-09-03,USD,343.33
TSLA,101,AV,1,Low,NASDAQ,2025-09-03,USD,328.51
TSLA,101,AV,1,Open,NASDAQ,2025-09-04,USD,336.15
TSLA,101,AV,1,Close,NASDAQ,2025-09-04,USD,338.53
TSLA,101,AV,1,High,NASDAQ,2025-09-04,USD,338.89
TSLA,101,AV,1,Low,NASDAQ,2025-09-04,USD,331.48
TSLA,101,AV,1,Open,NASDAQ,2025-09-05,USD,348.0
TSLA,101,AV,1,Close,NASDAQ,2025-09-05,USD,350.84
TSLA,101,AV,1,High,NASDAQ,2025-09-05,USD,355.87
TSLA,101,AV,1,Low,NASDAQ,2025-09-05,USD,344.6801
TSLA,101,AV,1,Open,NASDAQ,2025-09-08,USD,354.64
TSLA,101,AV,1,Close,NASDAQ,2025-09-08,USD,346.4
TSLA,101,AV,1,High,NASDAQ,2025-09-08,USD,358.44
TSLA,101,AV,1,Low,NASDAQ,2025-09-08,USD,344.84
TSLA,101,AV,1,Open,NASDAQ,2025-09-09,USD,348.44
TSLA,101,AV,1,Close,NASDAQ,2025-09-09,USD,346.97
TSLA,101,AV,1,High,NASDAQ,2025-09-09,USD,350.77
TSLA,101,AV,1,Low,NASDAQ,2025-09-09,USD,343.82
TSLA,101,AV,1,Open,NASDAQ,2025-09-10,USD,350.55
TSLA,101,AV,1,Close,NASDAQ,2025-09-10,USD,347.79
TSLA,101,AV,1,High,NASDAQ,2025-09-10,USD,356.33
TSLA,101,AV,1,Low,NASDAQ,2025-09-10,USD,346.07
TSLA,101,AV,1,Open,NASDAQ,2025-09-11,USD,350.17
TSLA,101,AV,1,Close,NASDAQ,2025-09-11,USD,368.81
TSLA,101,AV,1,High,NASDAQ,2025-09-11,USD,368.99
TSLA,101,AV,1,Low,NASDAQ,2025-09-11,USD,347.6
TSLA,101,AV,1,Open,NASDAQ,2025-09-12,USD,370.94
TSLA,101,AV,1,Close,NASDAQ,2025-09-12,USD,395.94
TSLA,101,AV,1,High,NASDAQ,2025-09-12,USD,396.6899
TSLA,101,AV,1,Low,NASDAQ,2025-09-12,USD,370.24
TSLA,101,AV,1,Open,NASDAQ,2025-09-15,USD,423.13
TSLA,101,AV,1,Close,NASDAQ,2025-09-15,USD,410.04
TSLA,101,AV,1,High,NASDAQ,2025-09-15,USD,425.7
TSLA,101,AV,1,Low,NASDAQ,2025-09-15,USD,402.43
TSLA,101,AV,1,Open,NASDAQ,2025-09-16,USD,414.495
TSLA,101,AV,1,Close,NASDAQ,2025-09-16,USD,421.62
TSLA,101,AV,1,High,NASDAQ,2025-09-16,USD,423.25
TSLA,101,AV,1,Low,NASDAQ,2025-09-16,USD,411.43
TSLA,101,AV,1,Open,NASDAQ,2025-09-17,USD,415.75
TSLA,101,AV,1,Close,NASDAQ,2025-09-17,USD,425.86
TSLA,101,AV,1,High,NASDAQ,2025-09-17,USD,428.3121
TSLA,101,AV,1,Low,NASDAQ,2025-09-17,USD,409.67
TSLA,101,AV,1,Open,NASDAQ,2025-09-18,USD,428.865
TSLA,101,AV,1,Close,NASDAQ,2025-09-18,USD,416.85
TSLA,101,AV,1,High,NASDAQ,2025-09-18,USD,432.2199
TSLA,101,AV,1,Low,NASDAQ,2025-09-18,USD,416.56
TSLA,101,AV,1,Open,NASDAQ,2025-09-19,USD,421.82
TSLA,101,AV,1,Close,NASDAQ,2025-09-19,USD,426.07
TSLA,101,AV,1,High,NASDAQ,2025-09-19,USD,429.47
TSLA,101,AV,1,Low,NASDAQ,2025-09-19,USD,421.72
TSLA,101,AV,1,Open,NASDAQ,2025-09-22,USD,431.11
TSLA,101,AV,1,Close,NASDAQ,2025-09-22,USD,434.21
TSLA,101,AV,1,High,NASDAQ,2025-09-22,USD,444.98
TSLA,101,AV,1,Low,NASDAQ,2025-09-22,USD,429.13
TSLA,101,AV,1,Open,NASDAQ,2025-09-23,USD,439.88
TSLA,101,AV,1,Close,NASDAQ,2025-09-23,USD,425.85
TSLA,101,AV,1,High,NASDAQ,2025-09-23,USD,440.97
TSLA,101,AV,1,Low,NASDAQ,2025-09-23,USD,423.72
TSLA,101,AV,1,Open,NASDAQ,2025-09-24,USD,429.83
TSLA,101,AV,1,Close,NASDAQ,2025-09-24,USD,442.79
TSLA,101,AV,1,High,NASDAQ,2025-09-24,USD,444.21
TSLA,101,AV,1,Low,NASDAQ,2025-09-24,USD,429.0301
TSLA,101,AV,1,Open,NASDAQ,2025-09-25,USD,435.24
TSLA,101,AV,1,Close,NASDAQ,2025-09-25,USD,423.39
TSLA,101,AV,1,High,NASDAQ,2025-09-25,USD,435.35
TSLA,101,AV,1,Low,NASDAQ,2025-09-25,USD,419.08
TSLA,101,AV,1,Open,NASDAQ,2025-09-26,USD,428.3
TSLA,101,AV,1,Close,NASDAQ,2025-09-26,USD,440.4
TSLA,101,AV,1,High,NASDAQ,2025-09-26,USD,440.47
TSLA,101,AV,1,Low,NASDAQ,2025-09-26,USD,421.02
TSLA,101,AV,1,Open,NASDAQ,2025-09-29,USD,444.35
TSLA,101,AV,1,Close,NASDAQ,2025-09-29,USD,443.21
TSLA,101,AV,1,High,NASDAQ,2025-09-29,USD,450.98
TSLA,101,AV,1,Low,NASDAQ,2025-09-29,USD,439.5
TSLA,101,AV,1,Open,NASDAQ,2025-09-30,USD,441.52
TSLA,101,AV,1,Close,NASDAQ,2025-09-30,USD,444.72
TSLA,101,AV,1,High,NASDAQ,2025-09-30,USD,445.0
TSLA,101,AV,1,Low,NASDAQ,2025-09-30,USD,433.12
