Security Id,Vendor ID,Vendor Code,Source Feed ID,Price Type,Exchange Code,Price Date,Currency Code,Price
AAPL,VY001,Yahoo,AAPL_Yahoo,Open,NASDAQ,2025-09-02,USD,229.25
AAPL,VY001,Yahoo,AAPL_Yahoo,Open,NASDAQ,2025-09-03,USD,237.2100067138672
AAPL,VY001,Yahoo,AAPL_Yahoo,Open,NASDAQ,2025-09-04,USD,238.4499969482422
AAPL,VY001,Yahoo,AAPL_Yahoo,Open,NASDAQ,2025-09-05,USD,240.0
AAPL,VY001,Yahoo,AAPL_Yahoo,Open,NASDAQ,2025-09-08,USD,239.3000030517578
AAPL,VY001,Yahoo,AAPL_Yahoo,Open,NASDAQ,2025-09-09,USD,237.0
AAPL,VY001,Yahoo,AAPL_Yahoo,Open,NASDAQ,2025-09-10,USD,232.19000244140625
AAPL,VY001,Yahoo,AAPL_Yahoo,Open,NASDAQ,2025-09-11,USD,226.8800048828125
AAPL,VY001,Yahoo,AAPL_Yahoo,Open,NASDAQ,2025-09-12,USD,229.22000122070312
AAPL,VY001,Yahoo,AAPL_Yahoo,Open,NASDAQ,2025-09-15,USD,237.0
AAPL,VY001,Yahoo,AAPL_Yahoo,Open,NASDAQ,2025-09-16,USD,237.17999267578125
AAPL,VY001,Yahoo,AAPL_Yahoo,Open,NASDAQ,2025-09-17,USD,238.97000122070312
AAPL,VY001,Yahoo,AAPL_Yahoo,Open,NASDAQ,2025-09-18,USD,239.97000122070312
AAPL,VY001,Yahoo,AAPL_Yahoo,Open,NASDAQ,2025-09-19,USD,241.22999572753906
AAPL,VY001,Yahoo,AAPL_Yahoo,Open,NASDAQ,2025-09-22,USD,248.3000030517578
AAPL,VY001,Yahoo,AAPL_Yahoo,Open,NASDAQ,2025-09-23,USD,255.8800048828125
AAPL,VY001,Yahoo,AAPL_Yahoo,Open,NASDAQ,2025-09-24,USD,255.22000122070312
AAPL,VY001,Yahoo,AAPL_Yahoo,Open,NASDAQ,2025-09-25,USD,253.2100067138672
AAPL,VY001,Yahoo,AAPL_Yahoo,Open,NASDAQ,2025-09-26,USD,254.10000610351562
AAPL,VY001,Yahoo,AAPL_Yahoo,Open,NASDAQ,2025-09-29,USD,254.55999755859375
AAPL,VY001,Yahoo,AAPL_Yahoo,Close,NASDAQ,2025-09-02,USD,229.72000122070312
AAPL,VY001,Yahoo,AAPL_Yahoo,Close,NASDAQ,2025-09-03,USD,238.47000122070312
AAPL,VY001,Yahoo,AAPL_Yahoo,Close,NASDAQ,2025-09-04,USD,239.77999877929688
AAPL,VY001,Yahoo,AAPL_Yahoo,Close,NASDAQ,2025-09-05,USD,239.69000244140625
AAPL,VY001,Yahoo,AAPL_Yahoo,Close,NASDAQ,2025-09-08,USD,237.8800048828125
AAPL,VY001,Yahoo,AAPL_Yahoo,Close,NASDAQ,2025-09-09,USD,234.35000610351562
AAPL,VY001,Yahoo,AAPL_Yahoo,Close,NASDAQ,2025-09-10,USD,226.7899932861328
AAPL,VY001,Yahoo,AAPL_Yahoo,Close,NASDAQ,2025-09-11,USD,230.02999877929688
AAPL,VY001,Yahoo,AAPL_Yahoo,Close,NASDAQ,2025-09-12,USD,234.07000732421875
AAPL,VY001,Yahoo,AAPL_Yahoo,Close,NASDAQ,2025-09-15,USD,236.6999969482422
AAPL,VY001,Yahoo,AAPL_Yahoo,Close,NASDAQ,2025-09-16,USD,238.14999389648438
AAPL,VY001,Yahoo,AAPL_Yahoo,Close,NASDAQ,2025-09-17,USD,238.99000549316406
AAPL,VY001,Yahoo,AAPL_Yahoo,Close,NASDAQ,2025-09-18,USD,237.8800048828125
AAPL,VY001,Yahoo,AAPL_Yahoo,Close,NASDAQ,2025-09-19,USD,245.5
AAPL,VY001,Yahoo,AAPL_Yahoo,Close,NASDAQ,2025-09-22,USD,256.0799865722656
AAPL,VY001,Yahoo,AAPL_Yahoo,Close,NASDAQ,2025-09-23,USD,254.42999267578125
AAPL,VY001,Yahoo,AAPL_Yahoo,Close,NASDAQ,2025-09-24,USD,252.30999755859375
AAPL,VY001,Yahoo,AAPL_Yahoo,Close,NASDAQ,2025-09-25,USD,256.8699951171875
AAPL,VY001,Yahoo,AAPL_Yahoo,Close,NASDAQ,2025-09-26,USD,255.4600067138672
AAPL,VY001,Yahoo,AAPL_Yahoo,Close,NASDAQ,2025-09-29,USD,254.42999267578125
AAPL,VY001,Yahoo,AAPL_Yahoo,High,NASDAQ,2025-09-02,USD,230.85000610351562
AAPL,VY001,Yahoo,AAPL_Yahoo,High,NASDAQ,2025-09-03,USD,238.85000610351562
AAPL,VY001,Yahoo,AAPL_Yahoo,High,NASDAQ,2025-09-04,USD,239.89999389648438
AAPL,VY001,Yahoo,AAPL_Yahoo,High,NASDAQ,2025-09-05,USD,241.32000732421875
AAPL,VY001,Yahoo,AAPL_Yahoo,High,NASDAQ,2025-09-08,USD,240.14999389648438
AAPL,VY001,Yahoo,AAPL_Yahoo,High,NASDAQ,2025-09-09,USD,238.77999877929688
AAPL,VY001,Yahoo,AAPL_Yahoo,High,NASDAQ,2025-09-10,USD,232.4199981689453
AAPL,VY001,Yahoo,AAPL_Yahoo,High,NASDAQ,2025-09-11,USD,230.4499969482422
AAPL,VY001,Yahoo,AAPL_Yahoo,High,NASDAQ,2025-09-12,USD,234.50999450683594
AAPL,VY001,Yahoo,AAPL_Yahoo,High,NASDAQ,2025-09-15,USD,238.19000244140625
AAPL,VY001,Yahoo,AAPL_Yahoo,High,NASDAQ,2025-09-16,USD,241.22000122070312
AAPL,VY001,Yahoo,AAPL_Yahoo,High,NASDAQ,2025-09-17,USD,240.10000610351562
AAPL,VY001,Yahoo,AAPL_Yahoo,High,NASDAQ,2025-09-18,USD,241.1999969482422
AAPL,VY001,Yahoo,AAPL_Yahoo,High,NASDAQ,2025-09-19,USD,246.3000030517578
AAPL,VY001,Yahoo,AAPL_Yahoo,High,NASDAQ,2025-09-22,USD,256.6400146484375
AAPL,VY001,Yahoo,AAPL_Yahoo,High,NASDAQ,2025-09-23,USD,257.3399963378906
AAPL,VY001,Yahoo,AAPL_Yahoo,High,NASDAQ,2025-09-24,USD,255.74000549316406
AAPL,VY001,Yahoo,AAPL_Yahoo,High,NASDAQ,2025-09-25,USD,257.1700134277344
AAPL,VY001,Yahoo,AAPL_Yahoo,High,NASDAQ,2025-09-26,USD,257.6000061035156
AAPL,VY001,Yahoo,AAPL_Yahoo,High,NASDAQ,2025-09-29,USD,255.0
AAPL,VY001,Yahoo,AAPL_Yahoo,Low,NASDAQ,2025-09-02,USD,226.97000122070312
AAPL,VY001,Yahoo,AAPL_Yahoo,Low,NASDAQ,2025-09-03,USD,234.36000061035156
AAPL,VY001,Yahoo,AAPL_Yahoo,Low,NASDAQ,2025-09-04,USD,236.74000549316406
AAPL,VY001,Yahoo,AAPL_Yahoo,Low,NASDAQ,2025-09-05,USD,238.49000549316406
AAPL,VY001,Yahoo,AAPL_Yahoo,Low,NASDAQ,2025-09-08,USD,236.33999633789062
AAPL,VY001,Yahoo,AAPL_Yahoo,Low,NASDAQ,2025-09-09,USD,233.36000061035156
AAPL,VY001,Yahoo,AAPL_Yahoo,Low,NASDAQ,2025-09-10,USD,225.9499969482422
AAPL,VY001,Yahoo,AAPL_Yahoo,Low,NASDAQ,2025-09-11,USD,226.64999389648438
AAPL,VY001,Yahoo,AAPL_Yahoo,Low,NASDAQ,2025-09-12,USD,229.02000427246094
AAPL,VY001,Yahoo,AAPL_Yahoo,Low,NASDAQ,2025-09-15,USD,235.02999877929688
AAPL,VY001,Yahoo,AAPL_Yahoo,Low,NASDAQ,2025-09-16,USD,236.32000732421875
AAPL,VY001,Yahoo,AAPL_Yahoo,Low,NASDAQ,2025-09-17,USD,237.72999572753906
AAPL,VY001,Yahoo,AAPL_Yahoo,Low,NASDAQ,2025-09-18,USD,236.64999389648438
AAPL,VY001,Yahoo,AAPL_Yahoo,Low,NASDAQ,2025-09-19,USD,240.2100067138672
AAPL,VY001,Yahoo,AAPL_Yahoo,Low,NASDAQ,2025-09-22,USD,248.1199951171875
AAPL,VY001,Yahoo,AAPL_Yahoo,Low,NASDAQ,2025-09-23,USD,253.5800018310547
AAPL,VY001,Yahoo,AAPL_Yahoo,Low,NASDAQ,2025-09-24,USD,251.0399932861328
AAPL,VY001,Yahoo,AAPL_Yahoo,Low,NASDAQ,2025-09-25,USD,251.7100067138672
AAPL,VY001,Yahoo,AAPL_Yahoo,Low,NASDAQ,2025-09-26,USD,253.77999877929688
AAPL,VY001,Yahoo,AAPL_Yahoo,Low,NASDAQ,2025-09-29,USD,253.00999450683594
TSLA,VY001,Yahoo,TSLA_Yahoo,Open,NASDAQ,2025-09-02,USD,328.2300109863281
TSLA,VY001,Yahoo,TSLA_Yahoo,Open,NASDAQ,2025-09-03,USD,335.20001220703125
TSLA,VY001,Yahoo,TSLA_Yahoo,Open,NASDAQ,2025-09-04,USD,336.1499938964844
TSLA,VY001,Yahoo,TSLA_Yahoo,Open,NASDAQ,2025-09-05,USD,348.0
TSLA,VY001,Yahoo,TSLA_Yahoo,Open,NASDAQ,2025-09-08,USD,354.6400146484375
TSLA,VY001,Yahoo,TSLA_Yahoo,Open,NASDAQ,2025-09-09,USD,348.44000244140625
TSLA,VY001,Yahoo,TSLA_Yahoo,Open,NASDAQ,2025-09-10,USD,350.54998779296875
TSLA,VY001,Yahoo,TSLA_Yahoo,Open,NASDAQ,2025-09-11,USD,350.1700134277344
TSLA,VY001,Yahoo,TSLA_Yahoo,Open,NASDAQ,2025-09-12,USD,370.94000244140625
TSLA,VY001,Yahoo,TSLA_Yahoo,Open,NASDAQ,2025-09-15,USD,423.1300048828125
TSLA,VY001,Yahoo,TSLA_Yahoo,Open,NASDAQ,2025-09-16,USD,414.5
TSLA,VY001,Yahoo,TSLA_Yahoo,Open,NASDAQ,2025-09-17,USD,415.75
TSLA,VY001,Yahoo,TSLA_Yahoo,Open,NASDAQ,2025-09-18,USD,428.8699951171875
TSLA,VY001,Yahoo,TSLA_Yahoo,Open,NASDAQ,2025-09-19,USD,421.82000732421875
TSLA,VY001,Yahoo,TSLA_Yahoo,Open,NASDAQ,2025-09-22,USD,431.1099853515625
TSLA,VY001,Yahoo,TSLA_Yahoo,Open,NASDAQ,2025-09-23,USD,439.8800048828125
TSLA,VY001,Yahoo,TSLA_Yahoo,Open,NASDAQ,2025-09-24,USD,429.8299865722656
TSLA,VY001,Yahoo,TSLA_Yahoo,Open,NASDAQ,2025-09-25,USD,435.239990234375
TSLA,VY001,Yahoo,TSLA_Yahoo,Open,NASDAQ,2025-09-26,USD,428.29998779296875
TSLA,VY001,Yahoo,TSLA_Yahoo,Open,NASDAQ,2025-09-29,USD,444.3500061035156
TSLA,VY001,Yahoo,TSLA_Yahoo,Close,NASDAQ,2025-09-02,USD,329.3599853515625
TSLA,VY001,Yahoo,TSLA_Yahoo,Close,NASDAQ,2025-09-03,USD,334.0899963378906
TSLA,VY001,Yahoo,TSLA_Yahoo,Close,NASDAQ,2025-09-04,USD,338.5299987792969
TSLA,VY001,Yahoo,TSLA_Yahoo,Close,NASDAQ,2025-09-05,USD,350.8399963378906
TSLA,VY001,Yahoo,TSLA_Yahoo,Close,NASDAQ,2025-09-08,USD,346.3999938964844
TSLA,VY001,Yahoo,TSLA_Yahoo,Close,NASDAQ,2025-09-09,USD,346.9700012207031
TSLA,VY001,Yahoo,TSLA_Yahoo,Close,NASDAQ,2025-09-10,USD,347.7900085449219
TSLA,VY001,Yahoo,TSLA_Yahoo,Close,NASDAQ,2025-09-11,USD,368.80999755859375
TSLA,VY001,Yahoo,TSLA_Yahoo,Close,NASDAQ,2025-09-12,USD,395.94000244140625
TSLA,VY001,Yahoo,TSLA_Yahoo,Close,NASDAQ,2025-09-15,USD,410.0400085449219
TSLA,VY001,Yahoo,TSLA_Yahoo,Close,NASDAQ,2025-09-16,USD,421.6199951171875
TSLA,VY001,Yahoo,TSLA_Yahoo,Close,NASDAQ,2025-09-17,USD,425.8599853515625
TSLA,VY001,Yahoo,TSLA_Yahoo,Close,NASDAQ,2025-09-18,USD,416.8500061035156
TSLA,VY001,Yahoo,TSLA_Yahoo,Close,NASDAQ,2025-09-19,USD,426.07000732421875
TSLA,VY001,Yahoo,TSLA_Yahoo,Close,NASDAQ,2025-09-22,USD,434.2099914550781
TSLA,VY001,Yahoo,TSLA_Yahoo,Close,NASDAQ,2025-09-23,USD,425.8500061035156
TSLA,VY001,Yahoo,TSLA_Yahoo,Close,NASDAQ,2025-09-24,USD,442.7900085449219
TSLA,VY001,Yahoo,TSLA_Yahoo,Close,NASDAQ,2025-09-25,USD,423.3900146484375
TSLA,VY001,Yahoo,TSLA_Yahoo,Close,NASDAQ,2025-09-26,USD,440.3999938964844
TSLA,VY001,Yahoo,TSLA_Yahoo,Close,NASDAQ,2025-09-29,USD,443.2099914550781
TSLA,VY001,Yahoo,TSLA_Yahoo,High,NASDAQ,2025-09-02,USD,333.3299865722656
TSLA,VY001,Yahoo,TSLA_Yahoo,High,NASDAQ,2025-09-03,USD,343.3299865722656
TSLA,VY001,Yahoo,TSLA_Yahoo,High,NASDAQ,2025-09-04,USD,338.8900146484375
TSLA,VY001,Yahoo,TSLA_Yahoo,High,NASDAQ,2025-09-05,USD,355.8699951171875
TSLA,VY001,Yahoo,TSLA_Yahoo,High,NASDAQ,2025-09-08,USD,358.44000244140625
TSLA,VY001,Yahoo,TSLA_Yahoo,High,NASDAQ,2025-09-09,USD,350.7699890136719
TSLA,VY001,Yahoo,TSLA_Yahoo,High,NASDAQ,2025-09-10,USD,356.3299865722656
TSLA,VY001,Yahoo,TSLA_Yahoo,High,NASDAQ,2025-09-11,USD,368.989990234375
TSLA,VY001,Yahoo,TSLA_Yahoo,High,NASDAQ,2025-09-12,USD,396.69000244140625
TSLA,VY001,Yahoo,TSLA_Yahoo,High,NASDAQ,2025-09-15,USD,425.70001220703125
TSLA,VY001,Yahoo,TSLA_Yahoo,High,NASDAQ,2025-09-16,USD,423.25
TSLA,VY001,Yahoo,TSLA_Yahoo,High,NASDAQ,2025-09-17,USD,428.30999755859375
TSLA,VY001,Yahoo,TSLA_Yahoo,High,NASDAQ,2025-09-18,USD,432.2200012207031
TSLA,VY001,Yahoo,TSLA_Yahoo,High,NASDAQ,2025-09-19,USD,429.4700012207031
TSLA,VY001,Yahoo,TSLA_Yahoo,High,NASDAQ,2025-09-22,USD,444.9800109863281
TSLA,VY001,Yahoo,TSLA_Yahoo,High,NASDAQ,2025-09-23,USD,440.9700012207031
TSLA,VY001,Yahoo,TSLA_Yahoo,High,NASDAQ,2025-09-24,USD,444.2099914550781
TSLA,VY001,Yahoo,TSLA_Yahoo,High,NASDAQ,2025-09-25,USD,435.3500061035156
TSLA,VY001,Yahoo,TSLA_Yahoo,High,NASDAQ,2025-09-26,USD,440.4700012207031
TSLA,VY001,Yahoo,TSLA_Yahoo,High,NASDAQ,2025-09-29,USD,450.9800109863281
TSLA,VY001,Yahoo,TSLA_Yahoo,Low,NASDAQ,2025-09-02,USD,325.6000061035156
TSLA,VY001,Yahoo,TSLA_Yahoo,Low,NASDAQ,2025-09-03,USD,328.510009765625
TSLA,VY001,Yahoo,TSLA_Yahoo,Low,NASDAQ,2025-09-04,USD,331.4800109863281
TSLA,VY001,Yahoo,TSLA_Yahoo,Low,NASDAQ,2025-09-05,USD,344.67999267578125
TSLA,VY001,Yahoo,TSLA_Yahoo,Low,NASDAQ,2025-09-08,USD,344.8399963378906
TSLA,VY001,Yahoo,TSLA_Yahoo,Low,NASDAQ,2025-09-09,USD,343.82000732421875
TSLA,VY001,Yahoo,TSLA_Yahoo,Low,NASDAQ,2025-09-10,USD,346.07000732421875
TSLA,VY001,Yahoo,TSLA_Yahoo,Low,NASDAQ,2025-09-11,USD,347.6000061035156
TSLA,VY001,Yahoo,TSLA_Yahoo,Low,NASDAQ,2025-09-12,USD,370.239990234375
TSLA,VY001,Yahoo,TSLA_Yahoo,Low,NASDAQ,2025-09-15,USD,402.42999267578125
TSLA,VY001,Yahoo,TSLA_Yahoo,Low,NASDAQ,2025-09-16,USD,411.42999267578125
TSLA,VY001,Yahoo,TSLA_Yahoo,Low,NASDAQ,2025-09-17,USD,409.6700134277344
TSLA,VY001,Yahoo,TSLA_Yahoo,Low,NASDAQ,2025-09-18,USD,416.55999755859375
TSLA,VY001,Yahoo,TSLA_Yahoo,Low,NASDAQ,2025-09-19,USD,421.7200012207031
TSLA,VY001,Yahoo,TSLA_Yahoo,Low,NASDAQ,2025-09-22,USD,429.1300048828125
TSLA,VY001,Yahoo,TSLA_Yahoo,Low,NASDAQ,2025-09-23,USD,423.7200012207031
TSLA,VY001,Yahoo,TSLA_Yahoo,Low,NASDAQ,2025-09-24,USD,429.0299987792969
TSLA,VY001,Yahoo,TSLA_Yahoo,Low,NASDAQ,2025-09-25,USD,419.0799865722656
TSLA,VY001,Yahoo,TSLA_Yahoo,Low,NASDAQ,2025-09-26,USD,421.0199890136719
TSLA,VY001,Yahoo,TSLA_Yahoo,Low,NASDAQ,2025-09-29,USD,439.5
MSFT,VY001,Yahoo,MSFT_Yahoo,Open,NASDAQ,2025-09-02,USD,500.4700012207031
MSFT,VY001,Yahoo,MSFT_Yahoo,Open,NASDAQ,2025-09-03,USD,503.7900085449219
MSFT,VY001,Yahoo,MSFT_Yahoo,Open,NASDAQ,2025-09-04,USD,504.29998779296875
MSFT,VY001,Yahoo,MSFT_Yahoo,Open,NASDAQ,2025-09-05,USD,509.07000732421875
MSFT,VY001,Yahoo,MSFT_Yahoo,Open,NASDAQ,2025-09-08,USD,498.1099853515625
MSFT,VY001,Yahoo,MSFT_Yahoo,Open,NASDAQ,2025-09-09,USD,501.42999267578125
MSFT,VY001,Yahoo,MSFT_Yahoo,Open,NASDAQ,2025-09-10,USD,502.9800109863281
MSFT,VY001,Yahoo,MSFT_Yahoo,Open,NASDAQ,2025-09-11,USD,502.25
MSFT,VY001,Yahoo,MSFT_Yahoo,Open,NASDAQ,2025-09-12,USD,506.6499938964844
MSFT,VY001,Yahoo,MSFT_Yahoo,Open,NASDAQ,2025-09-15,USD,508.7900085449219
MSFT,VY001,Yahoo,MSFT_Yahoo,Open,NASDAQ,2025-09-16,USD,516.8800048828125
MSFT,VY001,Yahoo,MSFT_Yahoo,Open,NASDAQ,2025-09-17,USD,510.6199951171875
MSFT,VY001,Yahoo,MSFT_Yahoo,Open,NASDAQ,2025-09-18,USD,511.489990234375
MSFT,VY001,Yahoo,MSFT_Yahoo,Open,NASDAQ,2025-09-19,USD,510.55999755859375
MSFT,VY001,Yahoo,MSFT_Yahoo,Open,NASDAQ,2025-09-22,USD,515.5900268554688
MSFT,VY001,Yahoo,MSFT_Yahoo,Open,NASDAQ,2025-09-23,USD,513.7999877929688
MSFT,VY001,Yahoo,MSFT_Yahoo,Open,NASDAQ,2025-09-24,USD,510.3800048828125
MSFT,VY001,Yahoo,MSFT_Yahoo,Open,NASDAQ,2025-09-25,USD,508.29998779296875
MSFT,VY001,Yahoo,MSFT_Yahoo,Open,NASDAQ,2025-09-26,USD,510.05999755859375
MSFT,VY001,Yahoo,MSFT_Yahoo,Open,NASDAQ,2025-09-29,USD,511.5
MSFT,VY001,Yahoo,MSFT_Yahoo,Close,NASDAQ,2025-09-02,USD,505.1199951171875
MSFT,VY001,Yahoo,MSFT_Yahoo,Close,NASDAQ,2025-09-03,USD,505.3500061035156
MSFT,VY001,Yahoo,MSFT_Yahoo,Close,NASDAQ,2025-09-04,USD,507.9700012207031
MSFT,VY001,Yahoo,MSFT_Yahoo,Close,NASDAQ,2025-09-05,USD,495.0
MSFT,VY001,Yahoo,MSFT_Yahoo,Close,NASDAQ,2025-09-08,USD,498.20001220703125
MSFT,VY001,Yahoo,MSFT_Yahoo,Close,NASDAQ,2025-09-09,USD,498.4100036621094
MSFT,VY001,Yahoo,MSFT_Yahoo,Close,NASDAQ,2025-09-10,USD,500.3699951171875
MSFT,VY001,Yahoo,MSFT_Yahoo,Close,NASDAQ,2025-09-11,USD,501.010009765625
MSFT,VY001,Yahoo,MSFT_Yahoo,Close,NASDAQ,2025-09-12,USD,509.8999938964844
MSFT,VY001,Yahoo,MSFT_Yahoo,Close,NASDAQ,2025-09-15,USD,515.3599853515625
MSFT,VY001,Yahoo,MSFT_Yahoo,Close,NASDAQ,2025-09-16,USD,509.0400085449219
MSFT,VY001,Yahoo,MSFT_Yahoo,Close,NASDAQ,2025-09-17,USD,510.0199890136719
MSFT,VY001,Yahoo,MSFT_Yahoo,Close,NASDAQ,2025-09-18,USD,508.45001220703125
MSFT,VY001,Yahoo,MSFT_Yahoo,Close,NASDAQ,2025-09-19,USD,517.9299926757812
MSFT,VY001,Yahoo,MSFT_Yahoo,Close,NASDAQ,2025-09-22,USD,514.4500122070312
MSFT,VY001,Yahoo,MSFT_Yahoo,Close,NASDAQ,2025-09-23,USD,509.2300109863281
MSFT,VY001,Yahoo,MSFT_Yahoo,Close,NASDAQ,2025-09-24,USD,510.1499938964844
MSFT,VY001,Yahoo,MSFT_Yahoo,Close,NASDAQ,2025-09-25,USD,507.0299987792969
MSFT,VY001,Yahoo,MSFT_Yahoo,Close,NASDAQ,2025-09-26,USD,511.4599914550781
MSFT,VY001,Yahoo,MSFT_Yahoo,Close,NASDAQ,2025-09-29,USD,514.5999755859375
MSFT,VY001,Yahoo,MSFT_Yahoo,High,NASDAQ,2025-09-02,USD,506.0
MSFT,VY001,Yahoo,MSFT_Yahoo,High,NASDAQ,2025-09-03,USD,507.7900085449219
MSFT,VY001,Yahoo,MSFT_Yahoo,High,NASDAQ,2025-09-04,USD,508.1499938964844
MSFT,VY001,Yahoo,MSFT_Yahoo,High,NASDAQ,2025-09-05,USD,511.9700012207031
MSFT,VY001,Yahoo,MSFT_Yahoo,High,NASDAQ,2025-09-08,USD,501.20001220703125
MSFT,VY001,Yahoo,MSFT_Yahoo,High,NASDAQ,2025-09-09,USD,502.25
MSFT,VY001,Yahoo,MSFT_Yahoo,High,NASDAQ,2025-09-10,USD,503.2300109863281
MSFT,VY001,Yahoo,MSFT_Yahoo,High,NASDAQ,2025-09-11,USD,503.1700134277344
MSFT,VY001,Yahoo,MSFT_Yahoo,High,NASDAQ,2025-09-12,USD,512.5499877929688
MSFT,VY001,Yahoo,MSFT_Yahoo,High,NASDAQ,2025-09-15,USD,515.469970703125
MSFT,VY001,Yahoo,MSFT_Yahoo,High,NASDAQ,2025-09-16,USD,517.22998046875
MSFT,VY001,Yahoo,MSFT_Yahoo,High,NASDAQ,2025-09-17,USD,511.2900085449219
MSFT,VY001,Yahoo,MSFT_Yahoo,High,NASDAQ,2025-09-18,USD,513.0700073242188
MSFT,VY001,Yahoo,MSFT_Yahoo,High,NASDAQ,2025-09-19,USD,519.2999877929688
MSFT,VY001,Yahoo,MSFT_Yahoo,High,NASDAQ,2025-09-22,USD,517.739990234375
MSFT,VY001,Yahoo,MSFT_Yahoo,High,NASDAQ,2025-09-23,USD,514.5900268554688
MSFT,VY001,Yahoo,MSFT_Yahoo,High,NASDAQ,2025-09-24,USD,512.47998046875
MSFT,VY001,Yahoo,MSFT_Yahoo,High,NASDAQ,2025-09-25,USD,510.010009765625
MSFT,VY001,Yahoo,MSFT_Yahoo,High,NASDAQ,2025-09-26,USD,513.9400024414062
MSFT,VY001,Yahoo,MSFT_Yahoo,High,NASDAQ,2025-09-29,USD,516.8499755859375
MSFT,VY001,Yahoo,MSFT_Yahoo,Low,NASDAQ,2025-09-02,USD,496.80999755859375
MSFT,VY001,Yahoo,MSFT_Yahoo,Low,NASDAQ,2025-09-03,USD,502.32000732421875
MSFT,VY001,Yahoo,MSFT_Yahoo,Low,NASDAQ,2025-09-04,USD,503.1499938964844
MSFT,VY001,Yahoo,MSFT_Yahoo,Low,NASDAQ,2025-09-05,USD,492.3699951171875
MSFT,VY001,Yahoo,MSFT_Yahoo,Low,NASDAQ,2025-09-08,USD,495.0299987792969
MSFT,VY001,Yahoo,MSFT_Yahoo,Low,NASDAQ,2025-09-09,USD,497.70001220703125
MSFT,VY001,Yahoo,MSFT_Yahoo,Low,NASDAQ,2025-09-10,USD,496.7200012207031
MSFT,VY001,Yahoo,MSFT_Yahoo,Low,NASDAQ,2025-09-11,USD,497.8800048828125
MSFT,VY001,Yahoo,MSFT_Yahoo,Low,NASDAQ,2025-09-12,USD,503.8500061035156
MSFT,VY001,Yahoo,MSFT_Yahoo,Low,NASDAQ,2025-09-15,USD,507.0
MSFT,VY001,Yahoo,MSFT_Yahoo,Low,NASDAQ,2025-09-16,USD,508.6000061035156
MSFT,VY001,Yahoo,MSFT_Yahoo,Low,NASDAQ,2025-09-17,USD,505.92999267578125
MSFT,VY001,Yahoo,MSFT_Yahoo,Low,NASDAQ,2025-09-18,USD,507.6600036621094
MSFT,VY001,Yahoo,MSFT_Yahoo,Low,NASDAQ,2025-09-19,USD,510.30999755859375
MSFT,VY001,Yahoo,MSFT_Yahoo,Low,NASDAQ,2025-09-22,USD,512.5399780273438
MSFT,VY001,Yahoo,MSFT_Yahoo,Low,NASDAQ,2025-09-23,USD,507.30999755859375
MSFT,VY001,Yahoo,MSFT_Yahoo,Low,NASDAQ,2025-09-24,USD,506.9200134277344
MSFT,VY001,Yahoo,MSFT_Yahoo,Low,NASDAQ,2025-09-25,USD,505.0400085449219
MSFT,VY001,Yahoo,MSFT_Yahoo,Low,NASDAQ,2025-09-26,USD,506.6199951171875
MSFT,VY001,Yahoo,MSFT_Yahoo,Low,NASDAQ,2025-09-29,USD,508.8800048828125
AMZN,VY001,Yahoo,AMZN_Yahoo,Open,NASDAQ,2025-09-02,USD,223.52000427246094
AMZN,VY001,Yahoo,AMZN_Yahoo,Open,NASDAQ,2025-09-03,USD,225.2100067138672
AMZN,VY001,Yahoo,AMZN_Yahoo,Open,NASDAQ,2025-09-04,USD,231.19000244140625
AMZN,VY001,Yahoo,AMZN_Yahoo,Open,NASDAQ,2025-09-05,USD,235.19000244140625
AMZN,VY001,Yahoo,AMZN_Yahoo,Open,NASDAQ,2025-09-08,USD,234.94000244140625
AMZN,VY001,Yahoo,AMZN_Yahoo,Open,NASDAQ,2025-09-09,USD,236.36000061035156
AMZN,VY001,Yahoo,AMZN_Yahoo,Open,NASDAQ,2025-09-10,USD,237.52000427246094
AMZN,VY001,Yahoo,AMZN_Yahoo,Open,NASDAQ,2025-09-11,USD,231.49000549316406
AMZN,VY001,Yahoo,AMZN_Yahoo,Open,NASDAQ,2025-09-12,USD,230.35000610351562
AMZN,VY001,Yahoo,AMZN_Yahoo,Open,NASDAQ,2025-09-15,USD,230.6300048828125
AMZN,VY001,Yahoo,AMZN_Yahoo,Open,NASDAQ,2025-09-16,USD,232.94000244140625
AMZN,VY001,Yahoo,AMZN_Yahoo,Open,NASDAQ,2025-09-17,USD,233.77000427246094
AMZN,VY001,Yahoo,AMZN_Yahoo,Open,NASDAQ,2025-09-18,USD,232.5
AMZN,VY001,Yahoo,AMZN_Yahoo,Open,NASDAQ,2025-09-19,USD,232.3699951171875
AMZN,VY001,Yahoo,AMZN_Yahoo,Open,NASDAQ,2025-09-22,USD,230.55999755859375
AMZN,VY001,Yahoo,AMZN_Yahoo,Open,NASDAQ,2025-09-23,USD,227.8300018310547
AMZN,VY001,Yahoo,AMZN_Yahoo,Open,NASDAQ,2025-09-24,USD,224.14999389648438
AMZN,VY001,Yahoo,AMZN_Yahoo,Open,NASDAQ,2025-09-25,USD,220.05999755859375
AMZN,VY001,Yahoo,AMZN_Yahoo,Open,NASDAQ,2025-09-26,USD,219.0800018310547
AMZN,VY001,Yahoo,AMZN_Yahoo,Open,NASDAQ,2025-09-29,USD,220.0800018310547
AMZN,VY001,Yahoo,AMZN_Yahoo,Close,NASDAQ,2025-09-02,USD,225.33999633789062
AMZN,VY001,Yahoo,AMZN_Yahoo,Close,NASDAQ,2025-09-03,USD,225.99000549316406
AMZN,VY001,Yahoo,AMZN_Yahoo,Close,NASDAQ,2025-09-04,USD,235.67999267578125
AMZN,VY001,Yahoo,AMZN_Yahoo,Close,NASDAQ,2025-09-05,USD,232.3300018310547
AMZN,VY001,Yahoo,AMZN_Yahoo,Close,NASDAQ,2025-09-08,USD,235.83999633789062
AMZN,VY001,Yahoo,AMZN_Yahoo,Close,NASDAQ,2025-09-09,USD,238.24000549316406
AMZN,VY001,Yahoo,AMZN_Yahoo,Close,NASDAQ,2025-09-10,USD,230.3300018310547
AMZN,VY001,Yahoo,AMZN_Yahoo,Close,NASDAQ,2025-09-11,USD,229.9499969482422
AMZN,VY001,Yahoo,AMZN_Yahoo,Close,NASDAQ,2025-09-12,USD,228.14999389648438
AMZN,VY001,Yahoo,AMZN_Yahoo,Close,NASDAQ,2025-09-15,USD,231.42999267578125
AMZN,VY001,Yahoo,AMZN_Yahoo,Close,NASDAQ,2025-09-16,USD,234.0500030517578
AMZN,VY001,Yahoo,AMZN_Yahoo,Close,NASDAQ,2025-09-17,USD,231.6199951171875
AMZN,VY001,Yahoo,AMZN_Yahoo,Close,NASDAQ,2025-09-18,USD,231.22999572753906
AMZN,VY001,Yahoo,AMZN_Yahoo,Close,NASDAQ,2025-09-19,USD,231.47999572753906
AMZN,VY001,Yahoo,AMZN_Yahoo,Close,NASDAQ,2025-09-22,USD,227.6300048828125
AMZN,VY001,Yahoo,AMZN_Yahoo,Close,NASDAQ,2025-09-23,USD,220.7100067138672
AMZN,VY001,Yahoo,AMZN_Yahoo,Close,NASDAQ,2025-09-24,USD,220.2100067138672
AMZN,VY001,Yahoo,AMZN_Yahoo,Close,NASDAQ,2025-09-25,USD,218.14999389648438
AMZN,VY001,Yahoo,AMZN_Yahoo,Close,NASDAQ,2025-09-26,USD,219.77999877929688
AMZN,VY001,Yahoo,AMZN_Yahoo,Close,NASDAQ,2025-09-29,USD,222.1699981689453
AMZN,VY001,Yahoo,AMZN_Yahoo,High,NASDAQ,2025-09-02,USD,226.1699981689453
AMZN,VY001,Yahoo,AMZN_Yahoo,High,NASDAQ,2025-09-03,USD,227.1699981689453
AMZN,VY001,Yahoo,AMZN_Yahoo,High,NASDAQ,2025-09-04,USD,235.77000427246094
AMZN,VY001,Yahoo,AMZN_Yahoo,High,NASDAQ,2025-09-05,USD,236.0
AMZN,VY001,Yahoo,AMZN_Yahoo,High,NASDAQ,2025-09-08,USD,237.60000610351562
AMZN,VY001,Yahoo,AMZN_Yahoo,High,NASDAQ,2025-09-09,USD,238.85000610351562
AMZN,VY001,Yahoo,AMZN_Yahoo,High,NASDAQ,2025-09-10,USD,237.67999267578125
AMZN,VY001,Yahoo,AMZN_Yahoo,High,NASDAQ,2025-09-11,USD,231.52999877929688
AMZN,VY001,Yahoo,AMZN_Yahoo,High,NASDAQ,2025-09-12,USD,230.7899932861328
AMZN,VY001,Yahoo,AMZN_Yahoo,High,NASDAQ,2025-09-15,USD,233.72999572753906
AMZN,VY001,Yahoo,AMZN_Yahoo,High,NASDAQ,2025-09-16,USD,235.89999389648438
AMZN,VY001,Yahoo,AMZN_Yahoo,High,NASDAQ,2025-09-17,USD,234.3000030517578
AMZN,VY001,Yahoo,AMZN_Yahoo,High,NASDAQ,2025-09-18,USD,233.47999572753906
AMZN,VY001,Yahoo,AMZN_Yahoo,High,NASDAQ,2025-09-19,USD,234.16000366210938
AMZN,VY001,Yahoo,AMZN_Yahoo,High,NASDAQ,2025-09-22,USD,230.57000732421875
AMZN,VY001,Yahoo,AMZN_Yahoo,High,NASDAQ,2025-09-23,USD,227.86000061035156
AMZN,VY001,Yahoo,AMZN_Yahoo,High,NASDAQ,2025-09-24,USD,224.55999755859375
AMZN,VY001,Yahoo,AMZN_Yahoo,High,NASDAQ,2025-09-25,USD,220.6699981689453
AMZN,VY001,Yahoo,AMZN_Yahoo,High,NASDAQ,2025-09-26,USD,221.0500030517578
AMZN,VY001,Yahoo,AMZN_Yahoo,High,NASDAQ,2025-09-29,USD,222.60000610351562
AMZN,VY001,Yahoo,AMZN_Yahoo,Low,NASDAQ,2025-09-02,USD,221.8300018310547
AMZN,VY001,Yahoo,AMZN_Yahoo,Low,NASDAQ,2025-09-03,USD,224.36000061035156
AMZN,VY001,Yahoo,AMZN_Yahoo,Low,NASDAQ,2025-09-04,USD,230.77999877929688
AMZN,VY001,Yahoo,AMZN_Yahoo,Low,NASDAQ,2025-09-05,USD,231.92999267578125
AMZN,VY001,Yahoo,AMZN_Yahoo,Low,NASDAQ,2025-09-08,USD,233.75
AMZN,VY001,Yahoo,AMZN_Yahoo,Low,NASDAQ,2025-09-09,USD,235.0800018310547
AMZN,VY001,Yahoo,AMZN_Yahoo,Low,NASDAQ,2025-09-10,USD,229.10000610351562
AMZN,VY001,Yahoo,AMZN_Yahoo,Low,NASDAQ,2025-09-11,USD,229.33999633789062
AMZN,VY001,Yahoo,AMZN_Yahoo,Low,NASDAQ,2025-09-12,USD,226.2899932861328
AMZN,VY001,Yahoo,AMZN_Yahoo,Low,NASDAQ,2025-09-15,USD,230.32000732421875
AMZN,VY001,Yahoo,AMZN_Yahoo,Low,NASDAQ,2025-09-16,USD,232.22999572753906
AMZN,VY001,Yahoo,AMZN_Yahoo,Low,NASDAQ,2025-09-17,USD,228.7100067138672
AMZN,VY001,Yahoo,AMZN_Yahoo,Low,NASDAQ,2025-09-18,USD,228.7899932861328
AMZN,VY001,Yahoo,AMZN_Yahoo,Low,NASDAQ,2025-09-19,USD,229.6999969482422
AMZN,VY001,Yahoo,AMZN_Yahoo,Low,NASDAQ,2025-09-22,USD,227.50999450683594
AMZN,VY001,Yahoo,AMZN_Yahoo,Low,NASDAQ,2025-09-23,USD,220.07000732421875
AMZN,VY001,Yahoo,AMZN_Yahoo,Low,NASDAQ,2025-09-24,USD,219.4499969482422
AMZN,VY001,Yahoo,AMZN_Yahoo,Low,NASDAQ,2025-09-25,USD,216.47000122070312
AMZN,VY001,Yahoo,AMZN_Yahoo,Low,NASDAQ,2025-09-26,USD,218.02000427246094
AMZN,VY001,Yahoo,AMZN_Yahoo,Low,NASDAQ,2025-09-29,USD,219.3000030517578
GOOGL,VY001,Yahoo,GOOGL_Yahoo,Open,NASDAQ,2025-09-02,USD,208.44000244140625
GOOGL,VY001,Yahoo,GOOGL_Yahoo,Open,NASDAQ,2025-09-03,USD,226.2100067138672
GOOGL,VY001,Yahoo,GOOGL_Yahoo,Open,NASDAQ,2025-09-04,USD,229.64999389648438
GOOGL,VY001,Yahoo,GOOGL_Yahoo,Open,NASDAQ,2025-09-05,USD,232.1999969482422
GOOGL,VY001,Yahoo,GOOGL_Yahoo,Open,NASDAQ,2025-09-08,USD,235.47000122070312
GOOGL,VY001,Yahoo,GOOGL_Yahoo,Open,NASDAQ,2025-09-09,USD,234.1699981689453
GOOGL,VY001,Yahoo,GOOGL_Yahoo,Open,NASDAQ,2025-09-10,USD,238.89999389648438
GOOGL,VY001,Yahoo,GOOGL_Yahoo,Open,NASDAQ,2025-09-11,USD,239.8800048828125
GOOGL,VY001,Yahoo,GOOGL_Yahoo,Open,NASDAQ,2025-09-12,USD,240.3699951171875
GOOGL,VY001,Yahoo,GOOGL_Yahoo,Open,NASDAQ,2025-09-15,USD,244.66000366210938
GOOGL,VY001,Yahoo,GOOGL_Yahoo,Open,NASDAQ,2025-09-16,USD,252.0800018310547
GOOGL,VY001,Yahoo,GOOGL_Yahoo,Open,NASDAQ,2025-09-17,USD,251.22000122070312
GOOGL,VY001,Yahoo,GOOGL_Yahoo,Open,NASDAQ,2025-09-18,USD,251.67999267578125
GOOGL,VY001,Yahoo,GOOGL_Yahoo,Open,NASDAQ,2025-09-19,USD,253.25
GOOGL,VY001,Yahoo,GOOGL_Yahoo,Open,NASDAQ,2025-09-22,USD,254.42999267578125
GOOGL,VY001,Yahoo,GOOGL_Yahoo,Open,NASDAQ,2025-09-23,USD,253.0399932861328
GOOGL,VY001,Yahoo,GOOGL_Yahoo,Open,NASDAQ,2025-09-24,USD,251.66000366210938
GOOGL,VY001,Yahoo,GOOGL_Yahoo,Open,NASDAQ,2025-09-25,USD,244.39999389648438
GOOGL,VY001,Yahoo,GOOGL_Yahoo,Open,NASDAQ,2025-09-26,USD,247.07000732421875
GOOGL,VY001,Yahoo,GOOGL_Yahoo,Open,NASDAQ,2025-09-29,USD,247.85000610351562
GOOGL,VY001,Yahoo,GOOGL_Yahoo,Close,NASDAQ,2025-09-02,USD,211.35000610351562
GOOGL,VY001,Yahoo,GOOGL_Yahoo,Close,NASDAQ,2025-09-03,USD,230.66000366210938
GOOGL,VY001,Yahoo,GOOGL_Yahoo,Close,NASDAQ,2025-09-04,USD,232.3000030517578
GOOGL,VY001,Yahoo,GOOGL_Yahoo,Close,NASDAQ,2025-09-05,USD,235.0
GOOGL,VY001,Yahoo,GOOGL_Yahoo,Close,NASDAQ,2025-09-08,USD,234.0399932861328
GOOGL,VY001,Yahoo,GOOGL_Yahoo,Close,NASDAQ,2025-09-09,USD,239.6300048828125
GOOGL,VY001,Yahoo,GOOGL_Yahoo,Close,NASDAQ,2025-09-10,USD,239.1699981689453
GOOGL,VY001,Yahoo,GOOGL_Yahoo,Close,NASDAQ,2025-09-11,USD,240.3699951171875
GOOGL,VY001,Yahoo,GOOGL_Yahoo,Close,NASDAQ,2025-09-12,USD,240.8000030517578
GOOGL,VY001,Yahoo,GOOGL_Yahoo,Close,NASDAQ,2025-09-15,USD,251.61000061035156
GOOGL,VY001,Yahoo,GOOGL_Yahoo,Close,NASDAQ,2025-09-16,USD,251.16000366210938
GOOGL,VY001,Yahoo,GOOGL_Yahoo,Close,NASDAQ,2025-09-17,USD,249.52999877929688
GOOGL,VY001,Yahoo,GOOGL_Yahoo,Close,NASDAQ,2025-09-18,USD,252.02999877929688
GOOGL,VY001,Yahoo,GOOGL_Yahoo,Close,NASDAQ,2025-09-19,USD,254.72000122070312
GOOGL,VY001,Yahoo,GOOGL_Yahoo,Close,NASDAQ,2025-09-22,USD,252.52999877929688
GOOGL,VY001,Yahoo,GOOGL_Yahoo,Close,NASDAQ,2025-09-23,USD,251.66000366210938
GOOGL,VY001,Yahoo,GOOGL_Yahoo,Close,NASDAQ,2025-09-24,USD,247.13999938964844
GOOGL,VY001,Yahoo,GOOGL_Yahoo,Close,NASDAQ,2025-09-25,USD,245.7899932861328
GOOGL,VY001,Yahoo,GOOGL_Yahoo,Close,NASDAQ,2025-09-26,USD,246.5399932861328
GOOGL,VY001,Yahoo,GOOGL_Yahoo,Close,NASDAQ,2025-09-29,USD,244.0500030517578
GOOGL,VY001,Yahoo,GOOGL_Yahoo,High,NASDAQ,2025-09-02,USD,211.67999267578125
GOOGL,VY001,Yahoo,GOOGL_Yahoo,High,NASDAQ,2025-09-03,USD,231.30999755859375
GOOGL,VY001,Yahoo,GOOGL_Yahoo,High,NASDAQ,2025-09-04,USD,232.3699951171875
GOOGL,VY001,Yahoo,GOOGL_Yahoo,High,NASDAQ,2025-09-05,USD,235.75999450683594
GOOGL,VY001,Yahoo,GOOGL_Yahoo,High,NASDAQ,2025-09-08,USD,238.1300048828125
GOOGL,VY001,Yahoo,GOOGL_Yahoo,High,NASDAQ,2025-09-09,USD,240.47000122070312
GOOGL,VY001,Yahoo,GOOGL_Yahoo,High,NASDAQ,2025-09-10,USD,241.66000366210938
GOOGL,VY001,Yahoo,GOOGL_Yahoo,High,NASDAQ,2025-09-11,USD,242.25
GOOGL,VY001,Yahoo,GOOGL_Yahoo,High,NASDAQ,2025-09-12,USD,242.0800018310547
GOOGL,VY001,Yahoo,GOOGL_Yahoo,High,NASDAQ,2025-09-15,USD,252.41000366210938
GOOGL,VY001,Yahoo,GOOGL_Yahoo,High,NASDAQ,2025-09-16,USD,253.0399932861328
GOOGL,VY001,Yahoo,GOOGL_Yahoo,High,NASDAQ,2025-09-17,USD,251.60000610351562
GOOGL,VY001,Yahoo,GOOGL_Yahoo,High,NASDAQ,2025-09-18,USD,253.99000549316406
GOOGL,VY001,Yahoo,GOOGL_Yahoo,High,NASDAQ,2025-09-19,USD,256.0
GOOGL,VY001,Yahoo,GOOGL_Yahoo,High,NASDAQ,2025-09-22,USD,255.77999877929688
GOOGL,VY001,Yahoo,GOOGL_Yahoo,High,NASDAQ,2025-09-23,USD,254.36000061035156
GOOGL,VY001,Yahoo,GOOGL_Yahoo,High,NASDAQ,2025-09-24,USD,252.35000610351562
GOOGL,VY001,Yahoo,GOOGL_Yahoo,High,NASDAQ,2025-09-25,USD,246.49000549316406
GOOGL,VY001,Yahoo,GOOGL_Yahoo,High,NASDAQ,2025-09-26,USD,249.4199981689453
GOOGL,VY001,Yahoo,GOOGL_Yahoo,High,NASDAQ,2025-09-29,USD,251.14999389648438
GOOGL,VY001,Yahoo,GOOGL_Yahoo,Low,NASDAQ,2025-09-02,USD,206.1999969482422
GOOGL,VY001,Yahoo,GOOGL_Yahoo,Low,NASDAQ,2025-09-03,USD,224.7899932861328
GOOGL,VY001,Yahoo,GOOGL_Yahoo,Low,NASDAQ,2025-09-04,USD,226.11000061035156
GOOGL,VY001,Yahoo,GOOGL_Yahoo,Low,NASDAQ,2025-09-05,USD,231.89999389648438
GOOGL,VY001,Yahoo,GOOGL_Yahoo,Low,NASDAQ,2025-09-08,USD,233.6699981689453
GOOGL,VY001,Yahoo,GOOGL_Yahoo,Low,NASDAQ,2025-09-09,USD,233.22999572753906
GOOGL,VY001,Yahoo,GOOGL_Yahoo,Low,NASDAQ,2025-09-10,USD,237.85000610351562
GOOGL,VY001,Yahoo,GOOGL_Yahoo,Low,NASDAQ,2025-09-11,USD,236.25
GOOGL,VY001,Yahoo,GOOGL_Yahoo,Low,NASDAQ,2025-09-12,USD,238.0
GOOGL,VY001,Yahoo,GOOGL_Yahoo,Low,NASDAQ,2025-09-15,USD,244.66000366210938
GOOGL,VY001,Yahoo,GOOGL_Yahoo,Low,NASDAQ,2025-09-16,USD,249.47000122070312
GOOGL,VY001,Yahoo,GOOGL_Yahoo,Low,NASDAQ,2025-09-17,USD,246.27999877929688
GOOGL,VY001,Yahoo,GOOGL_Yahoo,Low,NASDAQ,2025-09-18,USD,249.8000030517578
GOOGL,VY001,Yahoo,GOOGL_Yahoo,Low,NASDAQ,2025-09-19,USD,251.80999755859375
GOOGL,VY001,Yahoo,GOOGL_Yahoo,Low,NASDAQ,2025-09-22,USD,250.3000030517578
GOOGL,VY001,Yahoo,GOOGL_Yahoo,Low,NASDAQ,2025-09-23,USD,250.47999572753906
GOOGL,VY001,Yahoo,GOOGL_Yahoo,Low,NASDAQ,2025-09-24,USD,246.44000244140625
GOOGL,VY001,Yahoo,GOOGL_Yahoo,Low,NASDAQ,2025-09-25,USD,240.74000549316406
GOOGL,VY001,Yahoo,GOOGL_Yahoo,Low,NASDAQ,2025-09-26,USD,245.97000122070312
GOOGL,VY001,Yahoo,GOOGL_Yahoo,Low,NASDAQ,2025-09-29,USD,242.77000427246094
META,VY001,Yahoo,META_Yahoo,Open,NASDAQ,2025-09-02,USD,726.0399780273438
META,VY001,Yahoo,META_Yahoo,Open,NASDAQ,2025-09-03,USD,736.0
META,VY001,Yahoo,META_Yahoo,Open,NASDAQ,2025-09-04,USD,748.5700073242188
META,VY001,Yahoo,META_Yahoo,Open,NASDAQ,2025-09-05,USD,752.6199951171875
META,VY001,Yahoo,META_Yahoo,Open,NASDAQ,2025-09-08,USD,756.0
META,VY001,Yahoo,META_Yahoo,Open,NASDAQ,2025-09-09,USD,757.489990234375
META,VY001,Yahoo,META_Yahoo,Open,NASDAQ,2025-09-10,USD,765.1300048828125
META,VY001,Yahoo,META_Yahoo,Open,NASDAQ,2025-09-11,USD,754.6500244140625
META,VY001,Yahoo,META_Yahoo,Open,NASDAQ,2025-09-12,USD,748.72998046875
META,VY001,Yahoo,META_Yahoo,Open,NASDAQ,2025-09-15,USD,757.469970703125
META,VY001,Yahoo,META_Yahoo,Open,NASDAQ,2025-09-16,USD,767.0
META,VY001,Yahoo,META_Yahoo,Open,NASDAQ,2025-09-17,USD,779.989990234375
META,VY001,Yahoo,META_Yahoo,Open,NASDAQ,2025-09-18,USD,780.75
META,VY001,Yahoo,META_Yahoo,Open,NASDAQ,2025-09-19,USD,786.4199829101562
META,VY001,Yahoo,META_Yahoo,Open,NASDAQ,2025-09-22,USD,781.8499755859375
META,VY001,Yahoo,META_Yahoo,Open,NASDAQ,2025-09-23,USD,769.25
META,VY001,Yahoo,META_Yahoo,Open,NASDAQ,2025-09-24,USD,757.5
META,VY001,Yahoo,META_Yahoo,Open,NASDAQ,2025-09-25,USD,753.4500122070312
META,VY001,Yahoo,META_Yahoo,Open,NASDAQ,2025-09-26,USD,750.0
META,VY001,Yahoo,META_Yahoo,Open,NASDAQ,2025-09-29,USD,748.719970703125
META,VY001,Yahoo,META_Yahoo,Close,NASDAQ,2025-09-02,USD,735.1099853515625
META,VY001,Yahoo,META_Yahoo,Close,NASDAQ,2025-09-03,USD,737.0499877929688
META,VY001,Yahoo,META_Yahoo,Close,NASDAQ,2025-09-04,USD,748.6500244140625
META,VY001,Yahoo,META_Yahoo,Close,NASDAQ,2025-09-05,USD,752.4500122070312
META,VY001,Yahoo,META_Yahoo,Close,NASDAQ,2025-09-08,USD,752.2999877929688
META,VY001,Yahoo,META_Yahoo,Close,NASDAQ,2025-09-09,USD,765.7000122070312
META,VY001,Yahoo,META_Yahoo,Close,NASDAQ,2025-09-10,USD,751.97998046875
META,VY001,Yahoo,META_Yahoo,Close,NASDAQ,2025-09-11,USD,750.9000244140625
META,VY001,Yahoo,META_Yahoo,Close,NASDAQ,2025-09-12,USD,755.5900268554688
META,VY001,Yahoo,META_Yahoo,Close,NASDAQ,2025-09-15,USD,764.7000122070312
META,VY001,Yahoo,META_Yahoo,Close,NASDAQ,2025-09-16,USD,779.0
META,VY001,Yahoo,META_Yahoo,Close,NASDAQ,2025-09-17,USD,775.719970703125
META,VY001,Yahoo,META_Yahoo,Close,NASDAQ,2025-09-18,USD,780.25
META,VY001,Yahoo,META_Yahoo,Close,NASDAQ,2025-09-19,USD,778.3800048828125
META,VY001,Yahoo,META_Yahoo,Close,NASDAQ,2025-09-22,USD,765.1599731445312
META,VY001,Yahoo,META_Yahoo,Close,NASDAQ,2025-09-23,USD,755.4000244140625
META,VY001,Yahoo,META_Yahoo,Close,NASDAQ,2025-09-24,USD,760.6599731445312
META,VY001,Yahoo,META_Yahoo,Close,NASDAQ,2025-09-25,USD,748.9099731445312
META,VY001,Yahoo,META_Yahoo,Close,NASDAQ,2025-09-26,USD,743.75
META,VY001,Yahoo,META_Yahoo,Close,NASDAQ,2025-09-29,USD,743.4000244140625
META,VY001,Yahoo,META_Yahoo,High,NASDAQ,2025-09-02,USD,736.0
META,VY001,Yahoo,META_Yahoo,High,NASDAQ,2025-09-03,USD,740.25
META,VY001,Yahoo,META_Yahoo,High,NASDAQ,2025-09-04,USD,761.1599731445312
META,VY001,Yahoo,META_Yahoo,High,NASDAQ,2025-09-05,USD,757.9500122070312
META,VY001,Yahoo,META_Yahoo,High,NASDAQ,2025-09-08,USD,766.510009765625
META,VY001,Yahoo,META_Yahoo,High,NASDAQ,2025-09-09,USD,766.2999877929688
META,VY001,Yahoo,META_Yahoo,High,NASDAQ,2025-09-10,USD,765.7000122070312
META,VY001,Yahoo,META_Yahoo,High,NASDAQ,2025-09-11,USD,757.0999755859375
META,VY001,Yahoo,META_Yahoo,High,NASDAQ,2025-09-12,USD,757.5700073242188
META,VY001,Yahoo,META_Yahoo,High,NASDAQ,2025-09-15,USD,774.0700073242188
META,VY001,Yahoo,META_Yahoo,High,NASDAQ,2025-09-16,USD,781.3599853515625
META,VY001,Yahoo,META_Yahoo,High,NASDAQ,2025-09-17,USD,783.2899780273438
META,VY001,Yahoo,META_Yahoo,High,NASDAQ,2025-09-18,USD,788.780029296875
META,VY001,Yahoo,META_Yahoo,High,NASDAQ,2025-09-19,USD,790.7999877929688
META,VY001,Yahoo,META_Yahoo,High,NASDAQ,2025-09-22,USD,785.72998046875
META,VY001,Yahoo,META_Yahoo,High,NASDAQ,2025-09-23,USD,770.5999755859375
META,VY001,Yahoo,META_Yahoo,High,NASDAQ,2025-09-24,USD,761.1099853515625
META,VY001,Yahoo,META_Yahoo,High,NASDAQ,2025-09-25,USD,756.77001953125
META,VY001,Yahoo,META_Yahoo,High,NASDAQ,2025-09-26,USD,751.9299926757812
META,VY001,Yahoo,META_Yahoo,High,NASDAQ,2025-09-29,USD,750.780029296875
META,VY001,Yahoo,META_Yahoo,Low,NASDAQ,2025-09-02,USD,721.72998046875
META,VY001,Yahoo,META_Yahoo,Low,NASDAQ,2025-09-03,USD,733.989990234375
META,VY001,Yahoo,META_Yahoo,Low,NASDAQ,2025-09-04,USD,745.8200073242188
META,VY001,Yahoo,META_Yahoo,Low,NASDAQ,2025-09-05,USD,745.030029296875
META,VY001,Yahoo,META_Yahoo,Low,NASDAQ,2025-09-08,USD,752.02001953125
META,VY001,Yahoo,META_Yahoo,Low,NASDAQ,2025-09-09,USD,753.4299926757812
META,VY001,Yahoo,META_Yahoo,Low,NASDAQ,2025-09-10,USD,751.0
META,VY001,Yahoo,META_Yahoo,Low,NASDAQ,2025-09-11,USD,748.3699951171875
META,VY001,Yahoo,META_Yahoo,Low,NASDAQ,2025-09-12,USD,743.760009765625
META,VY001,Yahoo,META_Yahoo,Low,NASDAQ,2025-09-15,USD,751.989990234375
META,VY001,Yahoo,META_Yahoo,Low,NASDAQ,2025-09-16,USD,765.0999755859375
META,VY001,Yahoo,META_Yahoo,Low,NASDAQ,2025-09-17,USD,766.3099975585938
META,VY001,Yahoo,META_Yahoo,Low,NASDAQ,2025-09-18,USD,773.3599853515625
META,VY001,Yahoo,META_Yahoo,Low,NASDAQ,2025-09-19,USD,769.1900024414062
META,VY001,Yahoo,META_Yahoo,Low,NASDAQ,2025-09-22,USD,764.469970703125
META,VY001,Yahoo,META_Yahoo,Low,NASDAQ,2025-09-23,USD,751.0700073242188
META,VY001,Yahoo,META_Yahoo,Low,NASDAQ,2025-09-24,USD,752.530029296875
META,VY001,Yahoo,META_Yahoo,Low,NASDAQ,2025-09-25,USD,744.5499877929688
META,VY001,Yahoo,META_Yahoo,Low,NASDAQ,2025-09-26,USD,737.3499755859375
META,VY001,Yahoo,META_Yahoo,Low,NASDAQ,2025-09-29,USD,739.1500244140625
NVDA,VY001,Yahoo,NVDA_Yahoo,Open,NASDAQ,2025-09-02,USD,170.0
NVDA,VY001,Yahoo,NVDA_Yahoo,Open,NASDAQ,2025-09-03,USD,171.05999755859375
NVDA,VY001,Yahoo,NVDA_Yahoo,Open,NASDAQ,2025-09-04,USD,170.57000732421875
NVDA,VY001,Yahoo,NVDA_Yahoo,Open,NASDAQ,2025-09-05,USD,168.02999877929688
NVDA,VY001,Yahoo,NVDA_Yahoo,Open,NASDAQ,2025-09-08,USD,167.5500030517578
NVDA,VY001,Yahoo,NVDA_Yahoo,Open,NASDAQ,2025-09-09,USD,169.08999633789062
NVDA,VY001,Yahoo,NVDA_Yahoo,Open,NASDAQ,2025-09-10,USD,176.63999938964844
NVDA,VY001,Yahoo,NVDA_Yahoo,Open,NASDAQ,2025-09-11,USD,179.67999267578125
NVDA,VY001,Yahoo,NVDA_Yahoo,Open,NASDAQ,2025-09-12,USD,177.77000427246094
NVDA,VY001,Yahoo,NVDA_Yahoo,Open,NASDAQ,2025-09-15,USD,175.6699981689453
NVDA,VY001,Yahoo,NVDA_Yahoo,Open,NASDAQ,2025-09-16,USD,177.0
NVDA,VY001,Yahoo,NVDA_Yahoo,Open,NASDAQ,2025-09-17,USD,172.63999938964844
NVDA,VY001,Yahoo,NVDA_Yahoo,Open,NASDAQ,2025-09-18,USD,173.97999572753906
NVDA,VY001,Yahoo,NVDA_Yahoo,Open,NASDAQ,2025-09-19,USD,175.77000427246094
NVDA,VY001,Yahoo,NVDA_Yahoo,Open,NASDAQ,2025-09-22,USD,175.3000030517578
NVDA,VY001,Yahoo,NVDA_Yahoo,Open,NASDAQ,2025-09-23,USD,181.97000122070312
NVDA,VY001,Yahoo,NVDA_Yahoo,Open,NASDAQ,2025-09-24,USD,179.77000427246094
NVDA,VY001,Yahoo,NVDA_Yahoo,Open,NASDAQ,2025-09-25,USD,174.47999572753906
NVDA,VY001,Yahoo,NVDA_Yahoo,Open,NASDAQ,2025-09-26,USD,178.1699981689453
NVDA,VY001,Yahoo,NVDA_Yahoo,Open,NASDAQ,2025-09-29,USD,180.42999267578125
NVDA,VY001,Yahoo,NVDA_Yahoo,Close,NASDAQ,2025-09-02,USD,170.77999877929688
NVDA,VY001,Yahoo,NVDA_Yahoo,Close,NASDAQ,2025-09-03,USD,170.6199951171875
NVDA,VY001,Yahoo,NVDA_Yahoo,Close,NASDAQ,2025-09-04,USD,171.66000366210938
NVDA,VY001,Yahoo,NVDA_Yahoo,Close,NASDAQ,2025-09-05,USD,167.02000427246094
NVDA,VY001,Yahoo,NVDA_Yahoo,Close,NASDAQ,2025-09-08,USD,168.30999755859375
NVDA,VY001,Yahoo,NVDA_Yahoo,Close,NASDAQ,2025-09-09,USD,170.75999450683594
NVDA,VY001,Yahoo,NVDA_Yahoo,Close,NASDAQ,2025-09-10,USD,177.3300018310547
NVDA,VY001,Yahoo,NVDA_Yahoo,Close,NASDAQ,2025-09-11,USD,177.1699981689453
NVDA,VY001,Yahoo,NVDA_Yahoo,Close,NASDAQ,2025-09-12,USD,177.82000732421875
NVDA,VY001,Yahoo,NVDA_Yahoo,Close,NASDAQ,2025-09-15,USD,177.75
NVDA,VY001,Yahoo,NVDA_Yahoo,Close,NASDAQ,2025-09-16,USD,174.8800048828125
NVDA,VY001,Yahoo,NVDA_Yahoo,Close,NASDAQ,2025-09-17,USD,170.2899932861328
NVDA,VY001,Yahoo,NVDA_Yahoo,Close,NASDAQ,2025-09-18,USD,176.24000549316406
NVDA,VY001,Yahoo,NVDA_Yahoo,Close,NASDAQ,2025-09-19,USD,176.6699981689453
NVDA,VY001,Yahoo,NVDA_Yahoo,Close,NASDAQ,2025-09-22,USD,183.61000061035156
NVDA,VY001,Yahoo,NVDA_Yahoo,Close,NASDAQ,2025-09-23,USD,178.42999267578125
NVDA,VY001,Yahoo,NVDA_Yahoo,Close,NASDAQ,2025-09-24,USD,176.97000122070312
NVDA,VY001,Yahoo,NVDA_Yahoo,Close,NASDAQ,2025-09-25,USD,177.69000244140625
NVDA,VY001,Yahoo,NVDA_Yahoo,Close,NASDAQ,2025-09-26,USD,178.19000244140625
NVDA,VY001,Yahoo,NVDA_Yahoo,Close,NASDAQ,2025-09-29,USD,181.85000610351562
NVDA,VY001,Yahoo,NVDA_Yahoo,High,NASDAQ,2025-09-02,USD,172.3800048828125
NVDA,VY001,Yahoo,NVDA_Yahoo,High,NASDAQ,2025-09-03,USD,172.41000366210938
NVDA,VY001,Yahoo,NVDA_Yahoo,High,NASDAQ,2025-09-04,USD,171.86000061035156
NVDA,VY001,Yahoo,NVDA_Yahoo,High,NASDAQ,2025-09-05,USD,169.02999877929688
NVDA,VY001,Yahoo,NVDA_Yahoo,High,NASDAQ,2025-09-08,USD,170.9600067138672
NVDA,VY001,Yahoo,NVDA_Yahoo,High,NASDAQ,2025-09-09,USD,170.97999572753906
NVDA,VY001,Yahoo,NVDA_Yahoo,High,NASDAQ,2025-09-10,USD,179.2899932861328
NVDA,VY001,Yahoo,NVDA_Yahoo,High,NASDAQ,2025-09-11,USD,180.27999877929688
NVDA,VY001,Yahoo,NVDA_Yahoo,High,NASDAQ,2025-09-12,USD,178.60000610351562
NVDA,VY001,Yahoo,NVDA_Yahoo,High,NASDAQ,2025-09-15,USD,178.85000610351562
NVDA,VY001,Yahoo,NVDA_Yahoo,High,NASDAQ,2025-09-16,USD,177.5
NVDA,VY001,Yahoo,NVDA_Yahoo,High,NASDAQ,2025-09-17,USD,173.1999969482422
NVDA,VY001,Yahoo,NVDA_Yahoo,High,NASDAQ,2025-09-18,USD,177.10000610351562
NVDA,VY001,Yahoo,NVDA_Yahoo,High,NASDAQ,2025-09-19,USD,178.0800018310547
NVDA,VY001,Yahoo,NVDA_Yahoo,High,NASDAQ,2025-09-22,USD,184.5500030517578
NVDA,VY001,Yahoo,NVDA_Yahoo,High,NASDAQ,2025-09-23,USD,182.4199981689453
NVDA,VY001,Yahoo,NVDA_Yahoo,High,NASDAQ,2025-09-24,USD,179.77999877929688
NVDA,VY001,Yahoo,NVDA_Yahoo,High,NASDAQ,2025-09-25,USD,180.25999450683594
NVDA,VY001,Yahoo,NVDA_Yahoo,High,NASDAQ,2025-09-26,USD,179.77000427246094
NVDA,VY001,Yahoo,NVDA_Yahoo,High,NASDAQ,2025-09-29,USD,184.0
NVDA,VY001,Yahoo,NVDA_Yahoo,Low,NASDAQ,2025-09-02,USD,167.22000122070312
NVDA,VY001,Yahoo,NVDA_Yahoo,Low,NASDAQ,2025-09-03,USD,168.8800048828125
NVDA,VY001,Yahoo,NVDA_Yahoo,Low,NASDAQ,2025-09-04,USD,169.41000366210938
NVDA,VY001,Yahoo,NVDA_Yahoo,Low,NASDAQ,2025-09-05,USD,164.07000732421875
NVDA,VY001,Yahoo,NVDA_Yahoo,Low,NASDAQ,2025-09-08,USD,167.35000610351562
NVDA,VY001,Yahoo,NVDA_Yahoo,Low,NASDAQ,2025-09-09,USD,166.74000549316406
NVDA,VY001,Yahoo,NVDA_Yahoo,Low,NASDAQ,2025-09-10,USD,175.47000122070312
NVDA,VY001,Yahoo,NVDA_Yahoo,Low,NASDAQ,2025-09-11,USD,176.47999572753906
NVDA,VY001,Yahoo,NVDA_Yahoo,Low,NASDAQ,2025-09-12,USD,176.4499969482422
NVDA,VY001,Yahoo,NVDA_Yahoo,Low,NASDAQ,2025-09-15,USD,174.50999450683594
NVDA,VY001,Yahoo,NVDA_Yahoo,Low,NASDAQ,2025-09-16,USD,174.3800048828125
NVDA,VY001,Yahoo,NVDA_Yahoo,Low,NASDAQ,2025-09-17,USD,168.41000366210938
NVDA,VY001,Yahoo,NVDA_Yahoo,Low,NASDAQ,2025-09-18,USD,172.9600067138672
NVDA,VY001,Yahoo,NVDA_Yahoo,Low,NASDAQ,2025-09-19,USD,175.17999267578125
NVDA,VY001,Yahoo,NVDA_Yahoo,Low,NASDAQ,2025-09-22,USD,174.7100067138672
NVDA,VY001,Yahoo,NVDA_Yahoo,Low,NASDAQ,2025-09-23,USD,176.2100067138672
NVDA,VY001,Yahoo,NVDA_Yahoo,Low,NASDAQ,2025-09-24,USD,175.39999389648438
NVDA,VY001,Yahoo,NVDA_Yahoo,Low,NASDAQ,2025-09-25,USD,173.1300048828125
NVDA,VY001,Yahoo,NVDA_Yahoo,Low,NASDAQ,2025-09-26,USD,174.92999267578125
NVDA,VY001,Yahoo,NVDA_Yahoo,Low,NASDAQ,2025-09-29,USD,180.32000732421875
NFLX,VY001,Yahoo,NFLX_Yahoo,Open,NASDAQ,2025-09-02,USD,1197.0
NFLX,VY001,Yahoo,NFLX_Yahoo,Open,NASDAQ,2025-09-03,USD,1205.1400146484375
NFLX,VY001,Yahoo,NFLX_Yahoo,Open,NASDAQ,2025-09-04,USD,1223.199951171875
NFLX,VY001,Yahoo,NFLX_Yahoo,Open,NASDAQ,2025-09-05,USD,1260.0
NFLX,VY001,Yahoo,NFLX_Yahoo,Open,NASDAQ,2025-09-08,USD,1248.5400390625
NFLX,VY001,Yahoo,NFLX_Yahoo,Open,NASDAQ,2025-09-09,USD,1246.6700439453125
NFLX,VY001,Yahoo,NFLX_Yahoo,Open,NASDAQ,2025-09-10,USD,1263.969970703125
NFLX,VY001,Yahoo,NFLX_Yahoo,Open,NASDAQ,2025-09-11,USD,1251.0
NFLX,VY001,Yahoo,NFLX_Yahoo,Open,NASDAQ,2025-09-12,USD,1203.06005859375
NFLX,VY001,Yahoo,NFLX_Yahoo,Open,NASDAQ,2025-09-15,USD,1188.4000244140625
NFLX,VY001,Yahoo,NFLX_Yahoo,Open,NASDAQ,2025-09-16,USD,1205.6400146484375
NFLX,VY001,Yahoo,NFLX_Yahoo,Open,NASDAQ,2025-09-17,USD,1221.02001953125
NFLX,VY001,Yahoo,NFLX_Yahoo,Open,NASDAQ,2025-09-18,USD,1220.8199462890625
NFLX,VY001,Yahoo,NFLX_Yahoo,Open,NASDAQ,2025-09-19,USD,1218.6199951171875
NFLX,VY001,Yahoo,NFLX_Yahoo,Open,NASDAQ,2025-09-22,USD,1221.9000244140625
NFLX,VY001,Yahoo,NFLX_Yahoo,Open,NASDAQ,2025-09-23,USD,1227.3299560546875
NFLX,VY001,Yahoo,NFLX_Yahoo,Open,NASDAQ,2025-09-24,USD,1218.6099853515625
NFLX,VY001,Yahoo,NFLX_Yahoo,Open,NASDAQ,2025-09-25,USD,1203.0899658203125
NFLX,VY001,Yahoo,NFLX_Yahoo,Open,NASDAQ,2025-09-26,USD,1205.4200439453125
NFLX,VY001,Yahoo,NFLX_Yahoo,Open,NASDAQ,2025-09-29,USD,1205.0
NFLX,VY001,Yahoo,NFLX_Yahoo,Close,NASDAQ,2025-09-02,USD,1214.1099853515625
NFLX,VY001,Yahoo,NFLX_Yahoo,Close,NASDAQ,2025-09-03,USD,1226.1800537109375
NFLX,VY001,Yahoo,NFLX_Yahoo,Close,NASDAQ,2025-09-04,USD,1257.47998046875
NFLX,VY001,Yahoo,NFLX_Yahoo,Close,NASDAQ,2025-09-05,USD,1243.8199462890625
NFLX,VY001,Yahoo,NFLX_Yahoo,Close,NASDAQ,2025-09-08,USD,1244.760009765625
NFLX,VY001,Yahoo,NFLX_Yahoo,Close,NASDAQ,2025-09-09,USD,1263.25
NFLX,VY001,Yahoo,NFLX_Yahoo,Close,NASDAQ,2025-09-10,USD,1247.7099609375
NFLX,VY001,Yahoo,NFLX_Yahoo,Close,NASDAQ,2025-09-11,USD,1203.5
NFLX,VY001,Yahoo,NFLX_Yahoo,Close,NASDAQ,2025-09-12,USD,1188.43994140625
NFLX,VY001,Yahoo,NFLX_Yahoo,Close,NASDAQ,2025-09-15,USD,1202.260009765625
NFLX,VY001,Yahoo,NFLX_Yahoo,Close,NASDAQ,2025-09-16,USD,1200.510009765625
NFLX,VY001,Yahoo,NFLX_Yahoo,Close,NASDAQ,2025-09-17,USD,1228.5
NFLX,VY001,Yahoo,NFLX_Yahoo,Close,NASDAQ,2025-09-18,USD,1207.780029296875
NFLX,VY001,Yahoo,NFLX_Yahoo,Close,NASDAQ,2025-09-19,USD,1226.969970703125
NFLX,VY001,Yahoo,NFLX_Yahoo,Close,NASDAQ,2025-09-22,USD,1227.3699951171875
NFLX,VY001,Yahoo,NFLX_Yahoo,Close,NASDAQ,2025-09-23,USD,1218.469970703125
NFLX,VY001,Yahoo,NFLX_Yahoo,Close,NASDAQ,2025-09-24,USD,1203.949951171875
NFLX,VY001,Yahoo,NFLX_Yahoo,Close,NASDAQ,2025-09-25,USD,1208.239990234375
NFLX,VY001,Yahoo,NFLX_Yahoo,Close,NASDAQ,2025-09-26,USD,1210.6099853515625
NFLX,VY001,Yahoo,NFLX_Yahoo,Close,NASDAQ,2025-09-29,USD,1206.4100341796875
NFLX,VY001,Yahoo,NFLX_Yahoo,High,NASDAQ,2025-09-02,USD,1215.4000244140625
NFLX,VY001,Yahoo,NFLX_Yahoo,High,NASDAQ,2025-09-03,USD,1227.0
NFLX,VY001,Yahoo,NFLX_Yahoo,High,NASDAQ,2025-09-04,USD,1257.47998046875
NFLX,VY001,Yahoo,NFLX_Yahoo,High,NASDAQ,2025-09-05,USD,1267.0999755859375
NFLX,VY001,Yahoo,NFLX_Yahoo,High,NASDAQ,2025-09-08,USD,1252.0400390625
NFLX,VY001,Yahoo,NFLX_Yahoo,High,NASDAQ,2025-09-09,USD,1265.719970703125
NFLX,VY001,Yahoo,NFLX_Yahoo,High,NASDAQ,2025-09-10,USD,1267.0
NFLX,VY001,Yahoo,NFLX_Yahoo,High,NASDAQ,2025-09-11,USD,1253.449951171875
NFLX,VY001,Yahoo,NFLX_Yahoo,High,NASDAQ,2025-09-12,USD,1211.780029296875
NFLX,VY001,Yahoo,NFLX_Yahoo,High,NASDAQ,2025-09-15,USD,1207.239990234375
NFLX,VY001,Yahoo,NFLX_Yahoo,High,NASDAQ,2025-09-16,USD,1209.0
NFLX,VY001,Yahoo,NFLX_Yahoo,High,NASDAQ,2025-09-17,USD,1233.9300537109375
NFLX,VY001,Yahoo,NFLX_Yahoo,High,NASDAQ,2025-09-18,USD,1233.0
NFLX,VY001,Yahoo,NFLX_Yahoo,High,NASDAQ,2025-09-19,USD,1229.949951171875
NFLX,VY001,Yahoo,NFLX_Yahoo,High,NASDAQ,2025-09-22,USD,1229.760009765625
NFLX,VY001,Yahoo,NFLX_Yahoo,High,NASDAQ,2025-09-23,USD,1227.7900390625
NFLX,VY001,Yahoo,NFLX_Yahoo,High,NASDAQ,2025-09-24,USD,1221.5
NFLX,VY001,Yahoo,NFLX_Yahoo,High,NASDAQ,2025-09-25,USD,1216.8399658203125
NFLX,VY001,Yahoo,NFLX_Yahoo,High,NASDAQ,2025-09-26,USD,1214.0
NFLX,VY001,Yahoo,NFLX_Yahoo,High,NASDAQ,2025-09-29,USD,1224.489990234375
NFLX,VY001,Yahoo,NFLX_Yahoo,Low,NASDAQ,2025-09-02,USD,1182.800048828125
NFLX,VY001,Yahoo,NFLX_Yahoo,Low,NASDAQ,2025-09-03,USD,1203.3800048828125
NFLX,VY001,Yahoo,NFLX_Yahoo,Low,NASDAQ,2025-09-04,USD,1223.0899658203125
NFLX,VY001,Yahoo,NFLX_Yahoo,Low,NASDAQ,2025-09-05,USD,1239.02001953125
NFLX,VY001,Yahoo,NFLX_Yahoo,Low,NASDAQ,2025-09-08,USD,1232.0
NFLX,VY001,Yahoo,NFLX_Yahoo,Low,NASDAQ,2025-09-09,USD,1246.6700439453125
NFLX,VY001,Yahoo,NFLX_Yahoo,Low,NASDAQ,2025-09-10,USD,1246.3599853515625
NFLX,VY001,Yahoo,NFLX_Yahoo,Low,NASDAQ,2025-09-11,USD,1192.0
NFLX,VY001,Yahoo,NFLX_Yahoo,Low,NASDAQ,2025-09-12,USD,1182.4000244140625
NFLX,VY001,Yahoo,NFLX_Yahoo,Low,NASDAQ,2025-09-15,USD,1173.2099609375
NFLX,VY001,Yahoo,NFLX_Yahoo,Low,NASDAQ,2025-09-16,USD,1197.280029296875
NFLX,VY001,Yahoo,NFLX_Yahoo,Low,NASDAQ,2025-09-17,USD,1206.6099853515625
NFLX,VY001,Yahoo,NFLX_Yahoo,Low,NASDAQ,2025-09-18,USD,1205.5
NFLX,VY001,Yahoo,NFLX_Yahoo,Low,NASDAQ,2025-09-19,USD,1208.0999755859375
NFLX,VY001,Yahoo,NFLX_Yahoo,Low,NASDAQ,2025-09-22,USD,1214.239990234375
NFLX,VY001,Yahoo,NFLX_Yahoo,Low,NASDAQ,2025-09-23,USD,1208.469970703125
NFLX,VY001,Yahoo,NFLX_Yahoo,Low,NASDAQ,2025-09-24,USD,1194.199951171875
NFLX,VY001,Yahoo,NFLX_Yahoo,Low,NASDAQ,2025-09-25,USD,1191.510009765625
NFLX,VY001,Yahoo,NFLX_Yahoo,Low,NASDAQ,2025-09-26,USD,1200.0
NFLX,VY001,Yahoo,NFLX_Yahoo,Low,NASDAQ,2025-09-29,USD,1187.5400390625
RELIANCE.NS,VY001,Yahoo,RELIANCE.NS_Yahoo,Open,NSE,2025-09-01,INR,1356.0
RELIANCE.NS,VY001,Yahoo,RELIANCE.NS_Yahoo,Open,NSE,2025-09-02,INR,1354.800048828125
RELIANCE.NS,VY001,Yahoo,RELIANCE.NS_Yahoo,Open,NSE,2025-09-03,INR,1369.699951171875
RELIANCE.NS,VY001,Yahoo,RELIANCE.NS_Yahoo,Open,NSE,2025-09-04,INR,1371.800048828125
RELIANCE.NS,VY001,Yahoo,RELIANCE.NS_Yahoo,Open,NSE,2025-09-05,INR,1363.0
RELIANCE.NS,VY001,Yahoo,RELIANCE.NS_Yahoo,Open,NSE,2025-09-08,INR,1380.0
RELIANCE.NS,VY001,Yahoo,RELIANCE.NS_Yahoo,Open,NSE,2025-09-09,INR,1376.5999755859375
RELIANCE.NS,VY001,Yahoo,RELIANCE.NS_Yahoo,Open,NSE,2025-09-10,INR,1383.9000244140625
RELIANCE.NS,VY001,Yahoo,RELIANCE.NS_Yahoo,Open,NSE,2025-09-11,INR,1376.0
RELIANCE.NS,VY001,Yahoo,RELIANCE.NS_Yahoo,Open,NSE,2025-09-12,INR,1383.300048828125
RELIANCE.NS,VY001,Yahoo,RELIANCE.NS_Yahoo,Open,NSE,2025-09-15,INR,1393.0
RELIANCE.NS,VY001,Yahoo,RELIANCE.NS_Yahoo,Open,NSE,2025-09-16,INR,1404.699951171875
RELIANCE.NS,VY001,Yahoo,RELIANCE.NS_Yahoo,Open,NSE,2025-09-17,INR,1407.0
RELIANCE.NS,VY001,Yahoo,RELIANCE.NS_Yahoo,Open,NSE,2025-09-18,INR,1420.4000244140625
RELIANCE.NS,VY001,Yahoo,RELIANCE.NS_Yahoo,Open,NSE,2025-09-19,INR,1414.9000244140625
RELIANCE.NS,VY001,Yahoo,RELIANCE.NS_Yahoo,Open,NSE,2025-09-22,INR,1403.9000244140625
RELIANCE.NS,VY001,Yahoo,RELIANCE.NS_Yahoo,Open,NSE,2025-09-23,INR,1391.0
RELIANCE.NS,VY001,Yahoo,RELIANCE.NS_Yahoo,Open,NSE,2025-09-24,INR,1385.300048828125
RELIANCE.NS,VY001,Yahoo,RELIANCE.NS_Yahoo,Open,NSE,2025-09-25,INR,1381.300048828125
RELIANCE.NS,VY001,Yahoo,RELIANCE.NS_Yahoo,Open,NSE,2025-09-26,INR,1372.0
RELIANCE.NS,VY001,Yahoo,RELIANCE.NS_Yahoo,Open,NSE,2025-09-29,INR,1381.5999755859375
RELIANCE.NS,VY001,Yahoo,RELIANCE.NS_Yahoo,Close,NSE,2025-09-01,INR,1353.9000244140625
RELIANCE.NS,VY001,Yahoo,RELIANCE.NS_Yahoo,Close,NSE,2025-09-02,INR,1366.5
RELIANCE.NS,VY001,Yahoo,RELIANCE.NS_Yahoo,Close,NSE,2025-09-03,INR,1372.5999755859375
RELIANCE.NS,VY001,Yahoo,RELIANCE.NS_Yahoo,Close,NSE,2025-09-04,INR,1359.300048828125
RELIANCE.NS,VY001,Yahoo,RELIANCE.NS_Yahoo,Close,NSE,2025-09-05,INR,1375.0
RELIANCE.NS,VY001,Yahoo,RELIANCE.NS_Yahoo,Close,NSE,2025-09-08,INR,1378.5
RELIANCE.NS,VY001,Yahoo,RELIANCE.NS_Yahoo,Close,NSE,2025-09-09,INR,1376.199951171875
RELIANCE.NS,VY001,Yahoo,RELIANCE.NS_Yahoo,Close,NSE,2025-09-10,INR,1377.0
RELIANCE.NS,VY001,Yahoo,RELIANCE.NS_Yahoo,Close,NSE,2025-09-11,INR,1383.300048828125
RELIANCE.NS,VY001,Yahoo,RELIANCE.NS_Yahoo,Close,NSE,2025-09-12,INR,1395.0
RELIANCE.NS,VY001,Yahoo,RELIANCE.NS_Yahoo,Close,NSE,2025-09-15,INR,1399.300048828125
RELIANCE.NS,VY001,Yahoo,RELIANCE.NS_Yahoo,Close,NSE,2025-09-16,INR,1405.300048828125
RELIANCE.NS,VY001,Yahoo,RELIANCE.NS_Yahoo,Close,NSE,2025-09-17,INR,1413.800048828125
RELIANCE.NS,VY001,Yahoo,RELIANCE.NS_Yahoo,Close,NSE,2025-09-18,INR,1415.0
RELIANCE.NS,VY001,Yahoo,RELIANCE.NS_Yahoo,Close,NSE,2025-09-19,INR,1407.4000244140625
RELIANCE.NS,VY001,Yahoo,RELIANCE.NS_Yahoo,Close,NSE,2025-09-22,INR,1390.5999755859375
RELIANCE.NS,VY001,Yahoo,RELIANCE.NS_Yahoo,Close,NSE,2025-09-23,INR,1389.800048828125
RELIANCE.NS,VY001,Yahoo,RELIANCE.NS_Yahoo,Close,NSE,2025-09-24,INR,1383.0
RELIANCE.NS,VY001,Yahoo,RELIANCE.NS_Yahoo,Close,NSE,2025-09-25,INR,1372.4000244140625
RELIANCE.NS,VY001,Yahoo,RELIANCE.NS_Yahoo,Close,NSE,2025-09-26,INR,1377.5999755859375
RELIANCE.NS,VY001,Yahoo,RELIANCE.NS_Yahoo,Close,NSE,2025-09-29,INR,1372.800048828125
RELIANCE.NS,VY001,Yahoo,RELIANCE.NS_Yahoo,High,NSE,2025-09-01,INR,1363.199951171875
RELIANCE.NS,VY001,Yahoo,RELIANCE.NS_Yahoo,High,NSE,2025-09-02,INR,1384.5
RELIANCE.NS,VY001,Yahoo,RELIANCE.NS_Yahoo,High,NSE,2025-09-03,INR,1376.5
RELIANCE.NS,VY001,Yahoo,RELIANCE.NS_Yahoo,High,NSE,2025-09-04,INR,1374.0
RELIANCE.NS,VY001,Yahoo,RELIANCE.NS_Yahoo,High,NSE,2025-09-05,INR,1381.0
RELIANCE.NS,VY001,Yahoo,RELIANCE.NS_Yahoo,High,NSE,2025-09-08,INR,1386.0
RELIANCE.NS,VY001,Yahoo,RELIANCE.NS_Yahoo,High,NSE,2025-09-09,INR,1381.199951171875
RELIANCE.NS,VY001,Yahoo,RELIANCE.NS_Yahoo,High,NSE,2025-09-10,INR,1388.5
RELIANCE.NS,VY001,Yahoo,RELIANCE.NS_Yahoo,High,NSE,2025-09-11,INR,1385.5
RELIANCE.NS,VY001,Yahoo,RELIANCE.NS_Yahoo,High,NSE,2025-09-12,INR,1396.300048828125
RELIANCE.NS,VY001,Yahoo,RELIANCE.NS_Yahoo,High,NSE,2025-09-15,INR,1400.800048828125
RELIANCE.NS,VY001,Yahoo,RELIANCE.NS_Yahoo,High,NSE,2025-09-16,INR,1408.0
RELIANCE.NS,VY001,Yahoo,RELIANCE.NS_Yahoo,High,NSE,2025-09-17,INR,1416.199951171875
RELIANCE.NS,VY001,Yahoo,RELIANCE.NS_Yahoo,High,NSE,2025-09-18,INR,1422.0
RELIANCE.NS,VY001,Yahoo,RELIANCE.NS_Yahoo,High,NSE,2025-09-19,INR,1417.0
RELIANCE.NS,VY001,Yahoo,RELIANCE.NS_Yahoo,High,NSE,2025-09-22,INR,1410.699951171875
RELIANCE.NS,VY001,Yahoo,RELIANCE.NS_Yahoo,High,NSE,2025-09-23,INR,1395.0
RELIANCE.NS,VY001,Yahoo,RELIANCE.NS_Yahoo,High,NSE,2025-09-24,INR,1396.0
RELIANCE.NS,VY001,Yahoo,RELIANCE.NS_Yahoo,High,NSE,2025-09-25,INR,1384.5
RELIANCE.NS,VY001,Yahoo,RELIANCE.NS_Yahoo,High,NSE,2025-09-26,INR,1382.699951171875
RELIANCE.NS,VY001,Yahoo,RELIANCE.NS_Yahoo,High,NSE,2025-09-29,INR,1389.0
RELIANCE.NS,VY001,Yahoo,RELIANCE.NS_Yahoo,Low,NSE,2025-09-01,INR,1340.5999755859375
RELIANCE.NS,VY001,Yahoo,RELIANCE.NS_Yahoo,Low,NSE,2025-09-02,INR,1354.5
RELIANCE.NS,VY001,Yahoo,RELIANCE.NS_Yahoo,Low,NSE,2025-09-03,INR,1360.5
RELIANCE.NS,VY001,Yahoo,RELIANCE.NS_Yahoo,Low,NSE,2025-09-04,INR,1357.0999755859375
RELIANCE.NS,VY001,Yahoo,RELIANCE.NS_Yahoo,Low,NSE,2025-09-05,INR,1359.300048828125
RELIANCE.NS,VY001,Yahoo,RELIANCE.NS_Yahoo,Low,NSE,2025-09-08,INR,1372.4000244140625
RELIANCE.NS,VY001,Yahoo,RELIANCE.NS_Yahoo,Low,NSE,2025-09-09,INR,1368.699951171875
RELIANCE.NS,VY001,Yahoo,RELIANCE.NS_Yahoo,Low,NSE,2025-09-10,INR,1374.0999755859375
RELIANCE.NS,VY001,Yahoo,RELIANCE.NS_Yahoo,Low,NSE,2025-09-11,INR,1375.0
RELIANCE.NS,VY001,Yahoo,RELIANCE.NS_Yahoo,Low,NSE,2025-09-12,INR,1380.5
RELIANCE.NS,VY001,Yahoo,RELIANCE.NS_Yahoo,Low,NSE,2025-09-15,INR,1388.5999755859375
RELIANCE.NS,VY001,Yahoo,RELIANCE.NS_Yahoo,Low,NSE,2025-09-16,INR,1398.199951171875
RELIANCE.NS,VY001,Yahoo,RELIANCE.NS_Yahoo,Low,NSE,2025-09-17,INR,1406.9000244140625
RELIANCE.NS,VY001,Yahoo,RELIANCE.NS_Yahoo,Low,NSE,2025-09-18,INR,1410.699951171875
RELIANCE.NS,VY001,Yahoo,RELIANCE.NS_Yahoo,Low,NSE,2025-09-19,INR,1403.5999755859375
RELIANCE.NS,VY001,Yahoo,RELIANCE.NS_Yahoo,Low,NSE,2025-09-22,INR,1388.0
RELIANCE.NS,VY001,Yahoo,RELIANCE.NS_Yahoo,Low,NSE,2025-09-23,INR,1376.800048828125
RELIANCE.NS,VY001,Yahoo,RELIANCE.NS_Yahoo,Low,NSE,2025-09-24,INR,1380.4000244140625
RELIANCE.NS,VY001,Yahoo,RELIANCE.NS_Yahoo,Low,NSE,2025-09-25,INR,1369.0
RELIANCE.NS,VY001,Yahoo,RELIANCE.NS_Yahoo,Low,NSE,2025-09-26,INR,1366.0
RELIANCE.NS,VY001,Yahoo,RELIANCE.NS_Yahoo,Low,NSE,2025-09-29,INR,1368.0
TCS.NS,VY001,Yahoo,TCS.NS_Yahoo,Open,NSE,2025-09-01,INR,3090.0
TCS.NS,VY001,Yahoo,TCS.NS_Yahoo,Open,NSE,2025-09-02,INR,3121.10009765625
TCS.NS,VY001,Yahoo,TCS.NS_Yahoo,Open,NSE,2025-09-03,INR,3129.89990234375
TCS.NS,VY001,Yahoo,TCS.NS_Yahoo,Open,NSE,2025-09-04,INR,3116.0
TCS.NS,VY001,Yahoo,TCS.NS_Yahoo,Open,NSE,2025-09-05,INR,3097.10009765625
TCS.NS,VY001,Yahoo,TCS.NS_Yahoo,Open,NSE,2025-09-08,INR,3050.0
TCS.NS,VY001,Yahoo,TCS.NS_Yahoo,Open,NSE,2025-09-09,INR,3032.10009765625
TCS.NS,VY001,Yahoo,TCS.NS_Yahoo,Open,NSE,2025-09-10,INR,3056.39990234375
TCS.NS,VY001,Yahoo,TCS.NS_Yahoo,Open,NSE,2025-09-11,INR,3139.0
TCS.NS,VY001,Yahoo,TCS.NS_Yahoo,Open,NSE,2025-09-12,INR,3144.0
TCS.NS,VY001,Yahoo,TCS.NS_Yahoo,Open,NSE,2025-09-15,INR,3134.0
TCS.NS,VY001,Yahoo,TCS.NS_Yahoo,Open,NSE,2025-09-16,INR,3128.0
TCS.NS,VY001,Yahoo,TCS.NS_Yahoo,Open,NSE,2025-09-17,INR,3152.0
TCS.NS,VY001,Yahoo,TCS.NS_Yahoo,Open,NSE,2025-09-18,INR,3185.0
TCS.NS,VY001,Yahoo,TCS.NS_Yahoo,Open,NSE,2025-09-19,INR,3170.0
TCS.NS,VY001,Yahoo,TCS.NS_Yahoo,Open,NSE,2025-09-22,INR,3095.0
TCS.NS,VY001,Yahoo,TCS.NS_Yahoo,Open,NSE,2025-09-23,INR,3070.0
TCS.NS,VY001,Yahoo,TCS.NS_Yahoo,Open,NSE,2025-09-24,INR,3050.0
TCS.NS,VY001,Yahoo,TCS.NS_Yahoo,Open,NSE,2025-09-25,INR,3022.0
TCS.NS,VY001,Yahoo,TCS.NS_Yahoo,Open,NSE,2025-09-26,INR,2941.0
TCS.NS,VY001,Yahoo,TCS.NS_Yahoo,Open,NSE,2025-09-29,INR,2916.0
TCS.NS,VY001,Yahoo,TCS.NS_Yahoo,Close,NSE,2025-09-01,INR,3112.60009765625
TCS.NS,VY001,Yahoo,TCS.NS_Yahoo,Close,NSE,2025-09-02,INR,3111.5
TCS.NS,VY001,Yahoo,TCS.NS_Yahoo,Close,NSE,2025-09-03,INR,3097.5
TCS.NS,VY001,Yahoo,TCS.NS_Yahoo,Close,NSE,2025-09-04,INR,3095.699951171875
TCS.NS,VY001,Yahoo,TCS.NS_Yahoo,Close,NSE,2025-09-05,INR,3048.300048828125
TCS.NS,VY001,Yahoo,TCS.NS_Yahoo,Close,NSE,2025-09-08,INR,3019.0
TCS.NS,VY001,Yahoo,TCS.NS_Yahoo,Close,NSE,2025-09-09,INR,3049.39990234375
TCS.NS,VY001,Yahoo,TCS.NS_Yahoo,Close,NSE,2025-09-10,INR,3110.0
TCS.NS,VY001,Yahoo,TCS.NS_Yahoo,Close,NSE,2025-09-11,INR,3124.199951171875
TCS.NS,VY001,Yahoo,TCS.NS_Yahoo,Close,NSE,2025-09-12,INR,3133.39990234375
TCS.NS,VY001,Yahoo,TCS.NS_Yahoo,Close,NSE,2025-09-15,INR,3111.89990234375
TCS.NS,VY001,Yahoo,TCS.NS_Yahoo,Close,NSE,2025-09-16,INR,3145.699951171875
TCS.NS,VY001,Yahoo,TCS.NS_Yahoo,Close,NSE,2025-09-17,INR,3172.800048828125
TCS.NS,VY001,Yahoo,TCS.NS_Yahoo,Close,NSE,2025-09-18,INR,3176.699951171875
TCS.NS,VY001,Yahoo,TCS.NS_Yahoo,Close,NSE,2025-09-19,INR,3169.199951171875
TCS.NS,VY001,Yahoo,TCS.NS_Yahoo,Close,NSE,2025-09-22,INR,3073.800048828125
TCS.NS,VY001,Yahoo,TCS.NS_Yahoo,Close,NSE,2025-09-23,INR,3062.39990234375
TCS.NS,VY001,Yahoo,TCS.NS_Yahoo,Close,NSE,2025-09-24,INR,3035.39990234375
TCS.NS,VY001,Yahoo,TCS.NS_Yahoo,Close,NSE,2025-09-25,INR,2957.39990234375
TCS.NS,VY001,Yahoo,TCS.NS_Yahoo,Close,NSE,2025-09-26,INR,2899.10009765625
TCS.NS,VY001,Yahoo,TCS.NS_Yahoo,Close,NSE,2025-09-29,INR,2896.10009765625
TCS.NS,VY001,Yahoo,TCS.NS_Yahoo,High,NSE,2025-09-01,INR,3131.10009765625
TCS.NS,VY001,Yahoo,TCS.NS_Yahoo,High,NSE,2025-09-02,INR,3155.0
TCS.NS,VY001,Yahoo,TCS.NS_Yahoo,High,NSE,2025-09-03,INR,3141.89990234375
TCS.NS,VY001,Yahoo,TCS.NS_Yahoo,High,NSE,2025-09-04,INR,3118.0
TCS.NS,VY001,Yahoo,TCS.NS_Yahoo,High,NSE,2025-09-05,INR,3103.39990234375
TCS.NS,VY001,Yahoo,TCS.NS_Yahoo,High,NSE,2025-09-08,INR,3064.89990234375
TCS.NS,VY001,Yahoo,TCS.NS_Yahoo,High,NSE,2025-09-09,INR,3060.0
TCS.NS,VY001,Yahoo,TCS.NS_Yahoo,High,NSE,2025-09-10,INR,3122.699951171875
TCS.NS,VY001,Yahoo,TCS.NS_Yahoo,High,NSE,2025-09-11,INR,3139.0
TCS.NS,VY001,Yahoo,TCS.NS_Yahoo,High,NSE,2025-09-12,INR,3148.699951171875
TCS.NS,VY001,Yahoo,TCS.NS_Yahoo,High,NSE,2025-09-15,INR,3134.0
TCS.NS,VY001,Yahoo,TCS.NS_Yahoo,High,NSE,2025-09-16,INR,3150.0
TCS.NS,VY001,Yahoo,TCS.NS_Yahoo,High,NSE,2025-09-17,INR,3182.39990234375
TCS.NS,VY001,Yahoo,TCS.NS_Yahoo,High,NSE,2025-09-18,INR,3203.0
TCS.NS,VY001,Yahoo,TCS.NS_Yahoo,High,NSE,2025-09-19,INR,3180.5
TCS.NS,VY001,Yahoo,TCS.NS_Yahoo,High,NSE,2025-09-22,INR,3106.89990234375
TCS.NS,VY001,Yahoo,TCS.NS_Yahoo,High,NSE,2025-09-23,INR,3080.699951171875
TCS.NS,VY001,Yahoo,TCS.NS_Yahoo,High,NSE,2025-09-24,INR,3057.0
TCS.NS,VY001,Yahoo,TCS.NS_Yahoo,High,NSE,2025-09-25,INR,3029.60009765625
TCS.NS,VY001,Yahoo,TCS.NS_Yahoo,High,NSE,2025-09-26,INR,2954.800048828125
TCS.NS,VY001,Yahoo,TCS.NS_Yahoo,High,NSE,2025-09-29,INR,2929.300048828125
TCS.NS,VY001,Yahoo,TCS.NS_Yahoo,Low,NSE,2025-09-01,INR,3090.0
TCS.NS,VY001,Yahoo,TCS.NS_Yahoo,Low,NSE,2025-09-02,INR,3103.10009765625
TCS.NS,VY001,Yahoo,TCS.NS_Yahoo,Low,NSE,2025-09-03,INR,3088.0
TCS.NS,VY001,Yahoo,TCS.NS_Yahoo,Low,NSE,2025-09-04,INR,3090.800048828125
TCS.NS,VY001,Yahoo,TCS.NS_Yahoo,Low,NSE,2025-09-05,INR,3028.60009765625
TCS.NS,VY001,Yahoo,TCS.NS_Yahoo,Low,NSE,2025-09-08,INR,3016.0
TCS.NS,VY001,Yahoo,TCS.NS_Yahoo,Low,NSE,2025-09-09,INR,3030.800048828125
TCS.NS,VY001,Yahoo,TCS.NS_Yahoo,Low,NSE,2025-09-10,INR,3053.39990234375
TCS.NS,VY001,Yahoo,TCS.NS_Yahoo,Low,NSE,2025-09-11,INR,3110.10009765625
TCS.NS,VY001,Yahoo,TCS.NS_Yahoo,Low,NSE,2025-09-12,INR,3121.0
TCS.NS,VY001,Yahoo,TCS.NS_Yahoo,Low,NSE,2025-09-15,INR,3096.0
TCS.NS,VY001,Yahoo,TCS.NS_Yahoo,Low,NSE,2025-09-16,INR,3109.10009765625
TCS.NS,VY001,Yahoo,TCS.NS_Yahoo,Low,NSE,2025-09-17,INR,3142.39990234375
TCS.NS,VY001,Yahoo,TCS.NS_Yahoo,Low,NSE,2025-09-18,INR,3161.39990234375
TCS.NS,VY001,Yahoo,TCS.NS_Yahoo,Low,NSE,2025-09-19,INR,3144.0
TCS.NS,VY001,Yahoo,TCS.NS_Yahoo,Low,NSE,2025-09-22,INR,3065.0
TCS.NS,VY001,Yahoo,TCS.NS_Yahoo,Low,NSE,2025-09-23,INR,3052.0
TCS.NS,VY001,Yahoo,TCS.NS_Yahoo,Low,NSE,2025-09-24,INR,3033.0
TCS.NS,VY001,Yahoo,TCS.NS_Yahoo,Low,NSE,2025-09-25,INR,2951.0
TCS.NS,VY001,Yahoo,TCS.NS_Yahoo,Low,NSE,2025-09-26,INR,2891.300048828125
TCS.NS,VY001,Yahoo,TCS.NS_Yahoo,Low,NSE,2025-09-29,INR,2894.0
GC=F,VY001,Yahoo,GC=F_Yahoo,Open,COMEX,2025-09-02,USD,3485.699951171875
GC=F,VY001,Yahoo,GC=F_Yahoo,Open,COMEX,2025-09-03,USD,3554.800048828125
GC=F,VY001,Yahoo,GC=F_Yahoo,Open,COMEX,2025-09-04,USD,3549.89990234375
GC=F,VY001,Yahoo,GC=F_Yahoo,Open,COMEX,2025-09-05,USD,3567.800048828125
GC=F,VY001,Yahoo,GC=F_Yahoo,Open,COMEX,2025-09-08,USD,3594.5
GC=F,VY001,Yahoo,GC=F_Yahoo,Open,COMEX,2025-09-09,USD,3647.10009765625
GC=F,VY001,Yahoo,GC=F_Yahoo,Open,COMEX,2025-09-10,USD,3625.0
GC=F,VY001,Yahoo,GC=F_Yahoo,Open,COMEX,2025-09-11,USD,3632.89990234375
GC=F,VY001,Yahoo,GC=F_Yahoo,Open,COMEX,2025-09-12,USD,3655.5
GC=F,VY001,Yahoo,GC=F_Yahoo,Open,COMEX,2025-09-15,USD,3640.0
GC=F,VY001,Yahoo,GC=F_Yahoo,Open,COMEX,2025-09-16,USD,3681.39990234375
GC=F,VY001,Yahoo,GC=F_Yahoo,Open,COMEX,2025-09-17,USD,3669.0
GC=F,VY001,Yahoo,GC=F_Yahoo,Open,COMEX,2025-09-18,USD,3654.60009765625
GC=F,VY001,Yahoo,GC=F_Yahoo,Open,COMEX,2025-09-19,USD,3659.0
GC=F,VY001,Yahoo,GC=F_Yahoo,Open,COMEX,2025-09-22,USD,3688.199951171875
GC=F,VY001,Yahoo,GC=F_Yahoo,Open,COMEX,2025-09-23,USD,3747.0
GC=F,VY001,Yahoo,GC=F_Yahoo,Open,COMEX,2025-09-24,USD,3769.800048828125
GC=F,VY001,Yahoo,GC=F_Yahoo,Open,COMEX,2025-09-25,USD,3742.800048828125
GC=F,VY001,Yahoo,GC=F_Yahoo,Open,COMEX,2025-09-26,USD,3775.300048828125
GC=F,VY001,Yahoo,GC=F_Yahoo,Open,COMEX,2025-09-29,USD,3754.800048828125
GC=F,VY001,Yahoo,GC=F_Yahoo,Close,COMEX,2025-09-02,USD,3549.39990234375
GC=F,VY001,Yahoo,GC=F_Yahoo,Close,COMEX,2025-09-03,USD,3593.199951171875
GC=F,VY001,Yahoo,GC=F_Yahoo,Close,COMEX,2025-09-04,USD,3565.800048828125
GC=F,VY001,Yahoo,GC=F_Yahoo,Close,COMEX,2025-09-05,USD,3613.199951171875
GC=F,VY001,Yahoo,GC=F_Yahoo,Close,COMEX,2025-09-08,USD,3638.10009765625
GC=F,VY001,Yahoo,GC=F_Yahoo,Close,COMEX,2025-09-09,USD,3643.300048828125
GC=F,VY001,Yahoo,GC=F_Yahoo,Close,COMEX,2025-09-10,USD,3643.60009765625
GC=F,VY001,Yahoo,GC=F_Yahoo,Close,COMEX,2025-09-11,USD,3636.89990234375
GC=F,VY001,Yahoo,GC=F_Yahoo,Close,COMEX,2025-09-12,USD,3649.39990234375
GC=F,VY001,Yahoo,GC=F_Yahoo,Close,COMEX,2025-09-15,USD,3682.199951171875
GC=F,VY001,Yahoo,GC=F_Yahoo,Close,COMEX,2025-09-16,USD,3688.89990234375
GC=F,VY001,Yahoo,GC=F_Yahoo,Close,COMEX,2025-09-17,USD,3681.800048828125
GC=F,VY001,Yahoo,GC=F_Yahoo,Close,COMEX,2025-09-18,USD,3643.699951171875
GC=F,VY001,Yahoo,GC=F_Yahoo,Close,COMEX,2025-09-19,USD,3671.5
GC=F,VY001,Yahoo,GC=F_Yahoo,Close,COMEX,2025-09-22,USD,3740.699951171875
GC=F,VY001,Yahoo,GC=F_Yahoo,Close,COMEX,2025-09-23,USD,3780.60009765625
GC=F,VY001,Yahoo,GC=F_Yahoo,Close,COMEX,2025-09-24,USD,3732.10009765625
GC=F,VY001,Yahoo,GC=F_Yahoo,Close,COMEX,2025-09-25,USD,3736.89990234375
GC=F,VY001,Yahoo,GC=F_Yahoo,Close,COMEX,2025-09-26,USD,3775.300048828125
GC=F,VY001,Yahoo,GC=F_Yahoo,Close,COMEX,2025-09-29,USD,3820.89990234375
GC=F,VY001,Yahoo,GC=F_Yahoo,High,COMEX,2025-09-02,USD,3559.199951171875
GC=F,VY001,Yahoo,GC=F_Yahoo,High,COMEX,2025-09-03,USD,3593.699951171875
GC=F,VY001,Yahoo,GC=F_Yahoo,High,COMEX,2025-09-04,USD,3573.60009765625
GC=F,VY001,Yahoo,GC=F_Yahoo,High,COMEX,2025-09-05,USD,3613.199951171875
GC=F,VY001,Yahoo,GC=F_Yahoo,High,COMEX,2025-09-08,USD,3641.0
GC=F,VY001,Yahoo,GC=F_Yahoo,High,COMEX,2025-09-09,USD,3670.39990234375
GC=F,VY001,Yahoo,GC=F_Yahoo,High,COMEX,2025-09-10,USD,3655.39990234375
GC=F,VY001,Yahoo,GC=F_Yahoo,High,COMEX,2025-09-11,USD,3636.89990234375
GC=F,VY001,Yahoo,GC=F_Yahoo,High,COMEX,2025-09-12,USD,3656.800048828125
GC=F,VY001,Yahoo,GC=F_Yahoo,High,COMEX,2025-09-15,USD,3686.39990234375
GC=F,VY001,Yahoo,GC=F_Yahoo,High,COMEX,2025-09-16,USD,3698.60009765625
GC=F,VY001,Yahoo,GC=F_Yahoo,High,COMEX,2025-09-17,USD,3685.199951171875
GC=F,VY001,Yahoo,GC=F_Yahoo,High,COMEX,2025-09-18,USD,3667.39990234375
GC=F,VY001,Yahoo,GC=F_Yahoo,High,COMEX,2025-09-19,USD,3685.89990234375
GC=F,VY001,Yahoo,GC=F_Yahoo,High,COMEX,2025-09-22,USD,3748.199951171875
GC=F,VY001,Yahoo,GC=F_Yahoo,High,COMEX,2025-09-23,USD,3786.0
GC=F,VY001,Yahoo,GC=F_Yahoo,High,COMEX,2025-09-24,USD,3772.5
GC=F,VY001,Yahoo,GC=F_Yahoo,High,COMEX,2025-09-25,USD,3756.0
GC=F,VY001,Yahoo,GC=F_Yahoo,High,COMEX,2025-09-26,USD,3775.300048828125
GC=F,VY001,Yahoo,GC=F_Yahoo,High,COMEX,2025-09-29,USD,3827.60009765625
GC=F,VY001,Yahoo,GC=F_Yahoo,Low,COMEX,2025-09-02,USD,3485.699951171875
GC=F,VY001,Yahoo,GC=F_Yahoo,Low,COMEX,2025-09-03,USD,3553.199951171875
GC=F,VY001,Yahoo,GC=F_Yahoo,Low,COMEX,2025-09-04,USD,3549.89990234375
GC=F,VY001,Yahoo,GC=F_Yahoo,Low,COMEX,2025-09-05,USD,3567.800048828125
GC=F,VY001,Yahoo,GC=F_Yahoo,Low,COMEX,2025-09-08,USD,3590.0
GC=F,VY001,Yahoo,GC=F_Yahoo,Low,COMEX,2025-09-09,USD,3627.800048828125
GC=F,VY001,Yahoo,GC=F_Yahoo,Low,COMEX,2025-09-10,USD,3620.800048828125
GC=F,VY001,Yahoo,GC=F_Yahoo,Low,COMEX,2025-09-11,USD,3618.39990234375
GC=F,VY001,Yahoo,GC=F_Yahoo,Low,COMEX,2025-09-12,USD,3643.0
GC=F,VY001,Yahoo,GC=F_Yahoo,Low,COMEX,2025-09-15,USD,3635.10009765625
GC=F,VY001,Yahoo,GC=F_Yahoo,Low,COMEX,2025-09-16,USD,3681.39990234375
GC=F,VY001,Yahoo,GC=F_Yahoo,Low,COMEX,2025-09-17,USD,3661.60009765625
GC=F,VY001,Yahoo,GC=F_Yahoo,Low,COMEX,2025-09-18,USD,3637.0
GC=F,VY001,Yahoo,GC=F_Yahoo,Low,COMEX,2025-09-19,USD,3658.199951171875
GC=F,VY001,Yahoo,GC=F_Yahoo,Low,COMEX,2025-09-22,USD,3688.0
GC=F,VY001,Yahoo,GC=F_Yahoo,Low,COMEX,2025-09-23,USD,3740.0
GC=F,VY001,Yahoo,GC=F_Yahoo,Low,COMEX,2025-09-24,USD,3732.10009765625
GC=F,VY001,Yahoo,GC=F_Yahoo,Low,COMEX,2025-09-25,USD,3724.699951171875
GC=F,VY001,Yahoo,GC=F_Yahoo,Low,COMEX,2025-09-26,USD,3775.300048828125
GC=F,VY001,Yahoo,GC=F_Yahoo,Low,COMEX,2025-09-29,USD,3754.800048828125
SI=F,VY001,Yahoo,SI=F_Yahoo,Open,COMEX,2025-09-02,USD,40.185001373291016
SI=F,VY001,Yahoo,SI=F_Yahoo,Open,COMEX,2025-09-03,USD,41.150001525878906
SI=F,VY001,Yahoo,SI=F_Yahoo,Open,COMEX,2025-09-04,USD,41.029998779296875
SI=F,VY001,Yahoo,SI=F_Yahoo,Open,COMEX,2025-09-05,USD,40.959999084472656
SI=F,VY001,Yahoo,SI=F_Yahoo,Open,COMEX,2025-09-08,USD,41.150001525878906
SI=F,VY001,Yahoo,SI=F_Yahoo,Open,COMEX,2025-09-09,USD,41.56999969482422
SI=F,VY001,Yahoo,SI=F_Yahoo,Open,COMEX,2025-09-10,USD,41.132999420166016
SI=F,VY001,Yahoo,SI=F_Yahoo,Open,COMEX,2025-09-11,USD,41.35499954223633
SI=F,VY001,Yahoo,SI=F_Yahoo,Open,COMEX,2025-09-12,USD,41.599998474121094
SI=F,VY001,Yahoo,SI=F_Yahoo,Open,COMEX,2025-09-15,USD,42.209999084472656
SI=F,VY001,Yahoo,SI=F_Yahoo,Open,COMEX,2025-09-16,USD,42.47100067138672
SI=F,VY001,Yahoo,SI=F_Yahoo,Open,COMEX,2025-09-17,USD,41.88999938964844
SI=F,VY001,Yahoo,SI=F_Yahoo,Open,COMEX,2025-09-18,USD,41.70000076293945
SI=F,VY001,Yahoo,SI=F_Yahoo,Open,COMEX,2025-09-19,USD,41.915000915527344
SI=F,VY001,Yahoo,SI=F_Yahoo,Open,COMEX,2025-09-22,USD,43.66999816894531
SI=F,VY001,Yahoo,SI=F_Yahoo,Open,COMEX,2025-09-23,USD,43.900001525878906
SI=F,VY001,Yahoo,SI=F_Yahoo,Open,COMEX,2025-09-24,USD,44.11000061035156
SI=F,VY001,Yahoo,SI=F_Yahoo,Open,COMEX,2025-09-25,USD,43.790000915527344
SI=F,VY001,Yahoo,SI=F_Yahoo,Open,COMEX,2025-09-26,USD,44.875
SI=F,VY001,Yahoo,SI=F_Yahoo,Open,COMEX,2025-09-29,USD,46.13999938964844
SI=F,VY001,Yahoo,SI=F_Yahoo,Close,COMEX,2025-09-02,USD,41.07099914550781
SI=F,VY001,Yahoo,SI=F_Yahoo,Close,COMEX,2025-09-03,USD,41.54199981689453
SI=F,VY001,Yahoo,SI=F_Yahoo,Close,COMEX,2025-09-04,USD,40.9109992980957
SI=F,VY001,Yahoo,SI=F_Yahoo,Close,COMEX,2025-09-05,USD,41.07400131225586
SI=F,VY001,Yahoo,SI=F_Yahoo,Close,COMEX,2025-09-08,USD,41.42599868774414
SI=F,VY001,Yahoo,SI=F_Yahoo,Close,COMEX,2025-09-09,USD,40.87799835205078
SI=F,VY001,Yahoo,SI=F_Yahoo,Close,COMEX,2025-09-10,USD,41.132999420166016
SI=F,VY001,Yahoo,SI=F_Yahoo,Close,COMEX,2025-09-11,USD,41.696998596191406
SI=F,VY001,Yahoo,SI=F_Yahoo,Close,COMEX,2025-09-12,USD,42.387001037597656
SI=F,VY001,Yahoo,SI=F_Yahoo,Close,COMEX,2025-09-15,USD,42.516998291015625
SI=F,VY001,Yahoo,SI=F_Yahoo,Close,COMEX,2025-09-16,USD,42.47100067138672
SI=F,VY001,Yahoo,SI=F_Yahoo,Close,COMEX,2025-09-17,USD,41.72200012207031
SI=F,VY001,Yahoo,SI=F_Yahoo,Close,COMEX,2025-09-18,USD,41.707000732421875
SI=F,VY001,Yahoo,SI=F_Yahoo,Close,COMEX,2025-09-19,USD,42.5359992980957
SI=F,VY001,Yahoo,SI=F_Yahoo,Close,COMEX,2025-09-22,USD,43.79899978637695
SI=F,VY001,Yahoo,SI=F_Yahoo,Close,COMEX,2025-09-23,USD,44.19200134277344
SI=F,VY001,Yahoo,SI=F_Yahoo,Close,COMEX,2025-09-24,USD,43.777000427246094
SI=F,VY001,Yahoo,SI=F_Yahoo,Close,COMEX,2025-09-25,USD,44.696998596191406
SI=F,VY001,Yahoo,SI=F_Yahoo,Close,COMEX,2025-09-26,USD,46.22100067138672
SI=F,VY001,Yahoo,SI=F_Yahoo,Close,COMEX,2025-09-29,USD,46.61199951171875
SI=F,VY001,Yahoo,SI=F_Yahoo,High,COMEX,2025-09-02,USD,41.34000015258789
SI=F,VY001,Yahoo,SI=F_Yahoo,High,COMEX,2025-09-03,USD,41.71500015258789
SI=F,VY001,Yahoo,SI=F_Yahoo,High,COMEX,2025-09-04,USD,41.05500030517578
SI=F,VY001,Yahoo,SI=F_Yahoo,High,COMEX,2025-09-05,USD,41.53499984741211
SI=F,VY001,Yahoo,SI=F_Yahoo,High,COMEX,2025-09-08,USD,41.779998779296875
SI=F,VY001,Yahoo,SI=F_Yahoo,High,COMEX,2025-09-09,USD,41.56999969482422
SI=F,VY001,Yahoo,SI=F_Yahoo,High,COMEX,2025-09-10,USD,41.132999420166016
SI=F,VY001,Yahoo,SI=F_Yahoo,High,COMEX,2025-09-11,USD,41.7400016784668
SI=F,VY001,Yahoo,SI=F_Yahoo,High,COMEX,2025-09-12,USD,42.387001037597656
SI=F,VY001,Yahoo,SI=F_Yahoo,High,COMEX,2025-09-15,USD,42.58000183105469
SI=F,VY001,Yahoo,SI=F_Yahoo,High,COMEX,2025-09-16,USD,42.47100067138672
SI=F,VY001,Yahoo,SI=F_Yahoo,High,COMEX,2025-09-17,USD,41.935001373291016
SI=F,VY001,Yahoo,SI=F_Yahoo,High,COMEX,2025-09-18,USD,41.709999084472656
SI=F,VY001,Yahoo,SI=F_Yahoo,High,COMEX,2025-09-19,USD,42.8650016784668
SI=F,VY001,Yahoo,SI=F_Yahoo,High,COMEX,2025-09-22,USD,43.91999816894531
SI=F,VY001,Yahoo,SI=F_Yahoo,High,COMEX,2025-09-23,USD,44.29999923706055
SI=F,VY001,Yahoo,SI=F_Yahoo,High,COMEX,2025-09-24,USD,44.185001373291016
SI=F,VY001,Yahoo,SI=F_Yahoo,High,COMEX,2025-09-25,USD,45.0
SI=F,VY001,Yahoo,SI=F_Yahoo,High,COMEX,2025-09-26,USD,46.22100067138672
SI=F,VY001,Yahoo,SI=F_Yahoo,High,COMEX,2025-09-29,USD,46.875
SI=F,VY001,Yahoo,SI=F_Yahoo,Low,COMEX,2025-09-02,USD,40.185001373291016
SI=F,VY001,Yahoo,SI=F_Yahoo,Low,COMEX,2025-09-03,USD,41.01499938964844
SI=F,VY001,Yahoo,SI=F_Yahoo,Low,COMEX,2025-09-04,USD,40.79999923706055
SI=F,VY001,Yahoo,SI=F_Yahoo,Low,COMEX,2025-09-05,USD,40.869998931884766
SI=F,VY001,Yahoo,SI=F_Yahoo,Low,COMEX,2025-09-08,USD,41.150001525878906
SI=F,VY001,Yahoo,SI=F_Yahoo,Low,COMEX,2025-09-09,USD,40.87799835205078
SI=F,VY001,Yahoo,SI=F_Yahoo,Low,COMEX,2025-09-10,USD,41.132999420166016
SI=F,VY001,Yahoo,SI=F_Yahoo,Low,COMEX,2025-09-11,USD,41.349998474121094
SI=F,VY001,Yahoo,SI=F_Yahoo,Low,COMEX,2025-09-12,USD,41.599998474121094
SI=F,VY001,Yahoo,SI=F_Yahoo,Low,COMEX,2025-09-15,USD,42.209999084472656
SI=F,VY001,Yahoo,SI=F_Yahoo,Low,COMEX,2025-09-16,USD,42.435001373291016
SI=F,VY001,Yahoo,SI=F_Yahoo,Low,COMEX,2025-09-17,USD,41.72200012207031
SI=F,VY001,Yahoo,SI=F_Yahoo,Low,COMEX,2025-09-18,USD,41.494998931884766
SI=F,VY001,Yahoo,SI=F_Yahoo,Low,COMEX,2025-09-19,USD,41.814998626708984
SI=F,VY001,Yahoo,SI=F_Yahoo,Low,COMEX,2025-09-22,USD,43.29999923706055
SI=F,VY001,Yahoo,SI=F_Yahoo,Low,COMEX,2025-09-23,USD,43.70000076293945
SI=F,VY001,Yahoo,SI=F_Yahoo,Low,COMEX,2025-09-24,USD,43.70000076293945
SI=F,VY001,Yahoo,SI=F_Yahoo,Low,COMEX,2025-09-25,USD,43.78499984741211
SI=F,VY001,Yahoo,SI=F_Yahoo,Low,COMEX,2025-09-26,USD,44.869998931884766
SI=F,VY001,Yahoo,SI=F_Yahoo,Low,COMEX,2025-09-29,USD,46.09000015258789
EURUSD=X,VY001,Yahoo,EURUSD=X_Yahoo,Open,FOREX,2025-09-01,USD,1.1691803932189941
EURUSD=X,VY001,Yahoo,EURUSD=X_Yahoo,Open,FOREX,2025-09-02,USD,1.1715912818908691
EURUSD=X,VY001,Yahoo,EURUSD=X_Yahoo,Open,FOREX,2025-09-03,USD,1.163602590560913
EURUSD=X,VY001,Yahoo,EURUSD=X_Yahoo,Open,FOREX,2025-09-04,USD,1.16604483127594
EURUSD=X,VY001,Yahoo,EURUSD=X_Yahoo,Open,FOREX,2025-09-05,USD,1.1656913757324219
EURUSD=X,VY001,Yahoo,EURUSD=X_Yahoo,Open,FOREX,2025-09-08,USD,1.1713168621063232
EURUSD=X,VY001,Yahoo,EURUSD=X_Yahoo,Open,FOREX,2025-09-09,USD,1.1769136190414429
EURUSD=X,VY001,Yahoo,EURUSD=X_Yahoo,Open,FOREX,2025-09-10,USD,1.1702749729156494
EURUSD=X,VY001,Yahoo,EURUSD=X_Yahoo,Open,FOREX,2025-09-11,USD,1.1703435182571411
EURUSD=X,VY001,Yahoo,EURUSD=X_Yahoo,Open,FOREX,2025-09-12,USD,1.1734747886657715
EURUSD=X,VY001,Yahoo,EURUSD=X_Yahoo,Open,FOREX,2025-09-15,USD,1.1726491451263428
EURUSD=X,VY001,Yahoo,EURUSD=X_Yahoo,Open,FOREX,2025-09-16,USD,1.1763737201690674
EURUSD=X,VY001,Yahoo,EURUSD=X_Yahoo,Open,FOREX,2025-09-17,USD,1.1871408224105835
EURUSD=X,VY001,Yahoo,EURUSD=X_Yahoo,Open,FOREX,2025-09-18,USD,1.1826341152191162
EURUSD=X,VY001,Yahoo,EURUSD=X_Yahoo,Open,FOREX,2025-09-19,USD,1.1791062355041504
EURUSD=X,VY001,Yahoo,EURUSD=X_Yahoo,Open,FOREX,2025-09-22,USD,1.1736950874328613
EURUSD=X,VY001,Yahoo,EURUSD=X_Yahoo,Open,FOREX,2025-09-23,USD,1.1801080703735352
EURUSD=X,VY001,Yahoo,EURUSD=X_Yahoo,Open,FOREX,2025-09-24,USD,1.1814465522766113
EURUSD=X,VY001,Yahoo,EURUSD=X_Yahoo,Open,FOREX,2025-09-25,USD,1.1744670867919922
EURUSD=X,VY001,Yahoo,EURUSD=X_Yahoo,Open,FOREX,2025-09-26,USD,1.166275978088379
EURUSD=X,VY001,Yahoo,EURUSD=X_Yahoo,Open,FOREX,2025-09-29,USD,1.170823097229004
EURUSD=X,VY001,Yahoo,EURUSD=X_Yahoo,Close,FOREX,2025-09-01,USD,1.1691803932189941
EURUSD=X,VY001,Yahoo,EURUSD=X_Yahoo,Close,FOREX,2025-09-02,USD,1.1715912818908691
EURUSD=X,VY001,Yahoo,EURUSD=X_Yahoo,Close,FOREX,2025-09-03,USD,1.163602590560913
EURUSD=X,VY001,Yahoo,EURUSD=X_Yahoo,Close,FOREX,2025-09-04,USD,1.16604483127594
EURUSD=X,VY001,Yahoo,EURUSD=X_Yahoo,Close,FOREX,2025-09-05,USD,1.1656913757324219
EURUSD=X,VY001,Yahoo,EURUSD=X_Yahoo,Close,FOREX,2025-09-08,USD,1.1713168621063232
EURUSD=X,VY001,Yahoo,EURUSD=X_Yahoo,Close,FOREX,2025-09-09,USD,1.1769136190414429
EURUSD=X,VY001,Yahoo,EURUSD=X_Yahoo,Close,FOREX,2025-09-10,USD,1.1702749729156494
EURUSD=X,VY001,Yahoo,EURUSD=X_Yahoo,Close,FOREX,2025-09-11,USD,1.1703435182571411
EURUSD=X,VY001,Yahoo,EURUSD=X_Yahoo,Close,FOREX,2025-09-12,USD,1.1734747886657715
EURUSD=X,VY001,Yahoo,EURUSD=X_Yahoo,Close,FOREX,2025-09-15,USD,1.1726491451263428
EURUSD=X,VY001,Yahoo,EURUSD=X_Yahoo,Close,FOREX,2025-09-16,USD,1.1763737201690674
EURUSD=X,VY001,Yahoo,EURUSD=X_Yahoo,Close,FOREX,2025-09-17,USD,1.1871408224105835
EURUSD=X,VY001,Yahoo,EURUSD=X_Yahoo,Close,FOREX,2025-09-18,USD,1.1826341152191162
EURUSD=X,VY001,Yahoo,EURUSD=X_Yahoo,Close,FOREX,2025-09-19,USD,1.1791062355041504
EURUSD=X,VY001,Yahoo,EURUSD=X_Yahoo,Close,FOREX,2025-09-22,USD,1.1736950874328613
EURUSD=X,VY001,Yahoo,EURUSD=X_Yahoo,Close,FOREX,2025-09-23,USD,1.1801080703735352
EURUSD=X,VY001,Yahoo,EURUSD=X_Yahoo,Close,FOREX,2025-09-24,USD,1.1814465522766113
EURUSD=X,VY001,Yahoo,EURUSD=X_Yahoo,Close,FOREX,2025-09-25,USD,1.1744670867919922
EURUSD=X,VY001,Yahoo,EURUSD=X_Yahoo,Close,FOREX,2025-09-26,USD,1.166275978088379
EURUSD=X,VY001,Yahoo,EURUSD=X_Yahoo,Close,FOREX,2025-09-29,USD,1.170823097229004
EURUSD=X,VY001,Yahoo,EURUSD=X_Yahoo,High,FOREX,2025-09-01,USD,1.1735849380493164
EURUSD=X,VY001,Yahoo,EURUSD=X_Yahoo,High,FOREX,2025-09-02,USD,1.1716049909591675
EURUSD=X,VY001,Yahoo,EURUSD=X_Yahoo,High,FOREX,2025-09-03,USD,1.1682243347167969
EURUSD=X,VY001,Yahoo,EURUSD=X_Yahoo,High,FOREX,2025-09-04,USD,1.1667931079864502
EURUSD=X,VY001,Yahoo,EURUSD=X_Yahoo,High,FOREX,2025-09-05,USD,1.1759172677993774
EURUSD=X,VY001,Yahoo,EURUSD=X_Yahoo,High,FOREX,2025-09-08,USD,1.175585389137268
EURUSD=X,VY001,Yahoo,EURUSD=X_Yahoo,High,FOREX,2025-09-09,USD,1.1780366897583008
EURUSD=X,VY001,Yahoo,EURUSD=X_Yahoo,High,FOREX,2025-09-10,USD,1.1730204820632935
EURUSD=X,VY001,Yahoo,EURUSD=X_Yahoo,High,FOREX,2025-09-11,USD,1.1745636463165283
EURUSD=X,VY001,Yahoo,EURUSD=X_Yahoo,High,FOREX,2025-09-12,USD,1.1748120784759521
EURUSD=X,VY001,Yahoo,EURUSD=X_Yahoo,High,FOREX,2025-09-15,USD,1.1774401664733887
EURUSD=X,VY001,Yahoo,EURUSD=X_Yahoo,High,FOREX,2025-09-16,USD,1.1852554082870483
EURUSD=X,VY001,Yahoo,EURUSD=X_Yahoo,High,FOREX,2025-09-17,USD,1.187295913696289
EURUSD=X,VY001,Yahoo,EURUSD=X_Yahoo,High,FOREX,2025-09-18,USD,1.1848341226577759
EURUSD=X,VY001,Yahoo,EURUSD=X_Yahoo,High,FOREX,2025-09-19,USD,1.1793843507766724
EURUSD=X,VY001,Yahoo,EURUSD=X_Yahoo,High,FOREX,2025-09-22,USD,1.1786893606185913
EURUSD=X,VY001,Yahoo,EURUSD=X_Yahoo,High,FOREX,2025-09-23,USD,1.1820051670074463
EURUSD=X,VY001,Yahoo,EURUSD=X_Yahoo,High,FOREX,2025-09-24,USD,1.1816558837890625
EURUSD=X,VY001,Yahoo,EURUSD=X_Yahoo,High,FOREX,2025-09-25,USD,1.1754333972930908
EURUSD=X,VY001,Yahoo,EURUSD=X_Yahoo,High,FOREX,2025-09-26,USD,1.1702202558517456
EURUSD=X,VY001,Yahoo,EURUSD=X_Yahoo,High,FOREX,2025-09-29,USD,1.1754887104034424
EURUSD=X,VY001,Yahoo,EURUSD=X_Yahoo,Low,FOREX,2025-09-01,USD,1.1688660383224487
EURUSD=X,VY001,Yahoo,EURUSD=X_Yahoo,Low,FOREX,2025-09-02,USD,1.1613458395004272
EURUSD=X,VY001,Yahoo,EURUSD=X_Yahoo,Low,FOREX,2025-09-03,USD,1.1609817743301392
EURUSD=X,VY001,Yahoo,EURUSD=X_Yahoo,Low,FOREX,2025-09-04,USD,1.1632235050201416
EURUSD=X,VY001,Yahoo,EURUSD=X_Yahoo,Low,FOREX,2025-09-05,USD,1.1653246879577637
EURUSD=X,VY001,Yahoo,EURUSD=X_Yahoo,Low,FOREX,2025-09-08,USD,1.1705764532089233
EURUSD=X,VY001,Yahoo,EURUSD=X_Yahoo,Low,FOREX,2025-09-09,USD,1.1718658208847046
EURUSD=X,VY001,Yahoo,EURUSD=X_Yahoo,Low,FOREX,2025-09-10,USD,1.1688660383224487
EURUSD=X,VY001,Yahoo,EURUSD=X_Yahoo,Low,FOREX,2025-09-11,USD,1.1668883562088013
EURUSD=X,VY001,Yahoo,EURUSD=X_Yahoo,Low,FOREX,2025-09-12,USD,1.170261263847351
EURUSD=X,VY001,Yahoo,EURUSD=X_Yahoo,Low,FOREX,2025-09-15,USD,1.1717147827148438
EURUSD=X,VY001,Yahoo,EURUSD=X_Yahoo,Low,FOREX,2025-09-16,USD,1.17583429813385
EURUSD=X,VY001,Yahoo,EURUSD=X_Yahoo,Low,FOREX,2025-09-17,USD,1.18343186378479
EURUSD=X,VY001,Yahoo,EURUSD=X_Yahoo,Low,FOREX,2025-09-18,USD,1.1751296520233154
EURUSD=X,VY001,Yahoo,EURUSD=X_Yahoo,Low,FOREX,2025-09-19,USD,1.1730343103408813
EURUSD=X,VY001,Yahoo,EURUSD=X_Yahoo,Low,FOREX,2025-09-22,USD,1.172717809677124
EURUSD=X,VY001,Yahoo,EURUSD=X_Yahoo,Low,FOREX,2025-09-23,USD,1.178175449371338
EURUSD=X,VY001,Yahoo,EURUSD=X_Yahoo,Low,FOREX,2025-09-24,USD,1.1731306314468384
EURUSD=X,VY001,Yahoo,EURUSD=X_Yahoo,Low,FOREX,2025-09-25,USD,1.1667931079864502
EURUSD=X,VY001,Yahoo,EURUSD=X_Yahoo,Low,FOREX,2025-09-26,USD,1.16593599319458
EURUSD=X,VY001,Yahoo,EURUSD=X_Yahoo,Low,FOREX,2025-09-29,USD,1.1705353260040283
USDINR=X,VY001,Yahoo,USDINR=X_Yahoo,Open,FOREX,2025-09-01,INR,88.17430114746094
USDINR=X,VY001,Yahoo,USDINR=X_Yahoo,Open,FOREX,2025-09-02,INR,88.00140380859375
USDINR=X,VY001,Yahoo,USDINR=X_Yahoo,Open,FOREX,2025-09-03,INR,87.99829864501953
USDINR=X,VY001,Yahoo,USDINR=X_Yahoo,Open,FOREX,2025-09-04,INR,88.072998046875
USDINR=X,VY001,Yahoo,USDINR=X_Yahoo,Open,FOREX,2025-09-05,INR,88.19290161132812
USDINR=X,VY001,Yahoo,USDINR=X_Yahoo,Open,FOREX,2025-09-08,INR,88.1863021850586
USDINR=X,VY001,Yahoo,USDINR=X_Yahoo,Open,FOREX,2025-09-09,INR,87.98049926757812
USDINR=X,VY001,Yahoo,USDINR=X_Yahoo,Open,FOREX,2025-09-10,INR,88.21829986572266
USDINR=X,VY001,Yahoo,USDINR=X_Yahoo,Open,FOREX,2025-09-11,INR,88.05339813232422
USDINR=X,VY001,Yahoo,USDINR=X_Yahoo,Open,FOREX,2025-09-12,INR,88.2676010131836
USDINR=X,VY001,Yahoo,USDINR=X_Yahoo,Open,FOREX,2025-09-15,INR,88.27729797363281
USDINR=X,VY001,Yahoo,USDINR=X_Yahoo,Open,FOREX,2025-09-16,INR,88.12349700927734
USDINR=X,VY001,Yahoo,USDINR=X_Yahoo,Open,FOREX,2025-09-17,INR,87.88459777832031
USDINR=X,VY001,Yahoo,USDINR=X_Yahoo,Open,FOREX,2025-09-18,INR,87.91069793701172
USDINR=X,VY001,Yahoo,USDINR=X_Yahoo,Open,FOREX,2025-09-19,INR,88.20690155029297
USDINR=X,VY001,Yahoo,USDINR=X_Yahoo,Open,FOREX,2025-09-22,INR,88.09919738769531
USDINR=X,VY001,Yahoo,USDINR=X_Yahoo,Open,FOREX,2025-09-23,INR,88.30439758300781
USDINR=X,VY001,Yahoo,USDINR=X_Yahoo,Open,FOREX,2025-09-24,INR,88.80799865722656
USDINR=X,VY001,Yahoo,USDINR=X_Yahoo,Open,FOREX,2025-09-25,INR,88.77860260009766
USDINR=X,VY001,Yahoo,USDINR=X_Yahoo,Open,FOREX,2025-09-26,INR,88.77310180664062
USDINR=X,VY001,Yahoo,USDINR=X_Yahoo,Open,FOREX,2025-09-29,INR,88.67680358886719
USDINR=X,VY001,Yahoo,USDINR=X_Yahoo,Close,FOREX,2025-09-01,INR,88.17430114746094
USDINR=X,VY001,Yahoo,USDINR=X_Yahoo,Close,FOREX,2025-09-02,INR,88.00140380859375
USDINR=X,VY001,Yahoo,USDINR=X_Yahoo,Close,FOREX,2025-09-03,INR,87.99829864501953
USDINR=X,VY001,Yahoo,USDINR=X_Yahoo,Close,FOREX,2025-09-04,INR,88.072998046875
USDINR=X,VY001,Yahoo,USDINR=X_Yahoo,Close,FOREX,2025-09-05,INR,88.19290161132812
USDINR=X,VY001,Yahoo,USDINR=X_Yahoo,Close,FOREX,2025-09-08,INR,88.1863021850586
USDINR=X,VY001,Yahoo,USDINR=X_Yahoo,Close,FOREX,2025-09-09,INR,87.98049926757812
USDINR=X,VY001,Yahoo,USDINR=X_Yahoo,Close,FOREX,2025-09-10,INR,88.21829986572266
USDINR=X,VY001,Yahoo,USDINR=X_Yahoo,Close,FOREX,2025-09-11,INR,88.05339813232422
USDINR=X,VY001,Yahoo,USDINR=X_Yahoo,Close,FOREX,2025-09-12,INR,88.2676010131836
USDINR=X,VY001,Yahoo,USDINR=X_Yahoo,Close,FOREX,2025-09-15,INR,88.27729797363281
USDINR=X,VY001,Yahoo,USDINR=X_Yahoo,Close,FOREX,2025-09-16,INR,88.12349700927734
USDINR=X,VY001,Yahoo,USDINR=X_Yahoo,Close,FOREX,2025-09-17,INR,87.88459777832031
USDINR=X,VY001,Yahoo,USDINR=X_Yahoo,Close,FOREX,2025-09-18,INR,87.91069793701172
USDINR=X,VY001,Yahoo,USDINR=X_Yahoo,Close,FOREX,2025-09-19,INR,88.20690155029297
USDINR=X,VY001,Yahoo,USDINR=X_Yahoo,Close,FOREX,2025-09-22,INR,88.09919738769531
USDINR=X,VY001,Yahoo,USDINR=X_Yahoo,Close,FOREX,2025-09-23,INR,88.30439758300781
USDINR=X,VY001,Yahoo,USDINR=X_Yahoo,Close,FOREX,2025-09-24,INR,88.80799865722656
USDINR=X,VY001,Yahoo,USDINR=X_Yahoo,Close,FOREX,2025-09-25,INR,88.77860260009766
USDINR=X,VY001,Yahoo,USDINR=X_Yahoo,Close,FOREX,2025-09-26,INR,88.77310180664062
USDINR=X,VY001,Yahoo,USDINR=X_Yahoo,Close,FOREX,2025-09-29,INR,88.67680358886719
USDINR=X,VY001,Yahoo,USDINR=X_Yahoo,High,FOREX,2025-09-01,INR,88.32150268554688
USDINR=X,VY001,Yahoo,USDINR=X_Yahoo,High,FOREX,2025-09-02,INR,88.18800354003906
USDINR=X,VY001,Yahoo,USDINR=X_Yahoo,High,FOREX,2025-09-03,INR,88.17980194091797
USDINR=X,VY001,Yahoo,USDINR=X_Yahoo,High,FOREX,2025-09-04,INR,88.36029815673828
USDINR=X,VY001,Yahoo,USDINR=X_Yahoo,High,FOREX,2025-09-05,INR,88.35340118408203
USDINR=X,VY001,Yahoo,USDINR=X_Yahoo,High,FOREX,2025-09-08,INR,88.2229995727539
USDINR=X,VY001,Yahoo,USDINR=X_Yahoo,High,FOREX,2025-09-09,INR,88.21929931640625
USDINR=X,VY001,Yahoo,USDINR=X_Yahoo,High,FOREX,2025-09-10,INR,88.24929809570312
USDINR=X,VY001,Yahoo,USDINR=X_Yahoo,High,FOREX,2025-09-11,INR,88.49099731445312
USDINR=X,VY001,Yahoo,USDINR=X_Yahoo,High,FOREX,2025-09-12,INR,88.40850067138672
USDINR=X,VY001,Yahoo,USDINR=X_Yahoo,High,FOREX,2025-09-15,INR,88.2970962524414
USDINR=X,VY001,Yahoo,USDINR=X_Yahoo,High,FOREX,2025-09-16,INR,88.15509796142578
USDINR=X,VY001,Yahoo,USDINR=X_Yahoo,High,FOREX,2025-09-17,INR,87.91310119628906
USDINR=X,VY001,Yahoo,USDINR=X_Yahoo,High,FOREX,2025-09-18,INR,88.28880310058594
USDINR=X,VY001,Yahoo,USDINR=X_Yahoo,High,FOREX,2025-09-19,INR,88.32949829101562
USDINR=X,VY001,Yahoo,USDINR=X_Yahoo,High,FOREX,2025-09-22,INR,88.33670043945312
USDINR=X,VY001,Yahoo,USDINR=X_Yahoo,High,FOREX,2025-09-23,INR,88.80809783935547
USDINR=X,VY001,Yahoo,USDINR=X_Yahoo,High,FOREX,2025-09-24,INR,88.9312973022461
USDINR=X,VY001,Yahoo,USDINR=X_Yahoo,High,FOREX,2025-09-25,INR,88.80039978027344
USDINR=X,VY001,Yahoo,USDINR=X_Yahoo,High,FOREX,2025-09-26,INR,88.77909851074219
USDINR=X,VY001,Yahoo,USDINR=X_Yahoo,High,FOREX,2025-09-29,INR,88.79399871826172
USDINR=X,VY001,Yahoo,USDINR=X_Yahoo,Low,FOREX,2025-09-01,INR,87.9302978515625
USDINR=X,VY001,Yahoo,USDINR=X_Yahoo,Low,FOREX,2025-09-02,INR,87.81549835205078
USDINR=X,VY001,Yahoo,USDINR=X_Yahoo,Low,FOREX,2025-09-03,INR,87.9749984741211
USDINR=X,VY001,Yahoo,USDINR=X_Yahoo,Low,FOREX,2025-09-04,INR,87.9749984741211
USDINR=X,VY001,Yahoo,USDINR=X_Yahoo,Low,FOREX,2025-09-05,INR,87.80010223388672
USDINR=X,VY001,Yahoo,USDINR=X_Yahoo,Low,FOREX,2025-09-08,INR,87.82779693603516
USDINR=X,VY001,Yahoo,USDINR=X_Yahoo,Low,FOREX,2025-09-09,INR,87.90010070800781
USDINR=X,VY001,Yahoo,USDINR=X_Yahoo,Low,FOREX,2025-09-10,INR,87.97789764404297
USDINR=X,VY001,Yahoo,USDINR=X_Yahoo,Low,FOREX,2025-09-11,INR,88.02660369873047
USDINR=X,VY001,Yahoo,USDINR=X_Yahoo,Low,FOREX,2025-09-12,INR,88.21690368652344
USDINR=X,VY001,Yahoo,USDINR=X_Yahoo,Low,FOREX,2025-09-15,INR,88.1260986328125
USDINR=X,VY001,Yahoo,USDINR=X_Yahoo,Low,FOREX,2025-09-16,INR,87.97969818115234
USDINR=X,VY001,Yahoo,USDINR=X_Yahoo,Low,FOREX,2025-09-17,INR,87.7157974243164
USDINR=X,VY001,Yahoo,USDINR=X_Yahoo,Low,FOREX,2025-09-18,INR,87.80690002441406
USDINR=X,VY001,Yahoo,USDINR=X_Yahoo,Low,FOREX,2025-09-19,INR,88.0625991821289
USDINR=X,VY001,Yahoo,USDINR=X_Yahoo,Low,FOREX,2025-09-22,INR,88.09919738769531
USDINR=X,VY001,Yahoo,USDINR=X_Yahoo,Low,FOREX,2025-09-23,INR,88.23500061035156
USDINR=X,VY001,Yahoo,USDINR=X_Yahoo,Low,FOREX,2025-09-24,INR,88.67250061035156
USDINR=X,VY001,Yahoo,USDINR=X_Yahoo,Low,FOREX,2025-09-25,INR,88.59010314941406
USDINR=X,VY001,Yahoo,USDINR=X_Yahoo,Low,FOREX,2025-09-26,INR,88.61430358886719
USDINR=X,VY001,Yahoo,USDINR=X_Yahoo,Low,FOREX,2025-09-29,INR,88.5875015258789
